종류,작품명,위키제목,저자,출처,연도,시대,시대_N
노래,애국가,애국가 (대한민국),윤치호,,1897,1890,E1
수필,시일야방성대곡,시일야방성대곡,장지연,황성신문,1905,1900,E1
소설,혈의 누,혈의 누/현대어 해석,이인직,만세보,1906,1900,E1
신소설,귀의 성,귀의 성,이인직,,1907,1900,E1
시,가을 뜻,가을 뜻,최남선,,1908,1900,E1
시,경부 텰도 노래,경부 텰도 노래,최남선,,1908,1900,E1
신소설,구마검(驅魔劒),구마검,이해조,,1908,1900,E1
신소설,금수회의록,금수회의록,안국선,,1908,1900,E1
소설,동인사담집 1,동인사담집 1/거타지의 꽃,김동인,,1908,1900,E1
소설,동인사담집 1,동인사담집 1/눈 오는 대궐,김동인,,1908,1900,E1
소설,동인사담집 1,동인사담집 1/석우노의 처,김동인,,1908,1900,E1
소설,동인사담집 1,동인사담집 1/승암의 괴녀,김동인,,1908,1900,E1
소설,동인사담집 1,동인사담집 1/언약,김동인,,1908,1900,E1
소설,동인사담집 1,동인사담집 1/왕자호동,김동인,,1908,1900,E1
소설,동인사담집 1,동인사담집 1/청해의 객,김동인,,1908,1900,E1
소설,동인사담집 1,동인사담집 1/충용 삼형제,김동인,,1908,1900,E1
소설,동인사담집 1,동인사담집 1/토끼의 간,김동인,,1908,1900,E1
소설,동인사담집 1,동인사담집 1/호미부 2제,김동인,,1908,1900,E1
소설,동인사담집 2,동인사담집 2/개소문과 당태종,김동인,,1908,1900,E1
소설,동인사담집 2,동인사담집 2/거초 꺾일 때,김동인,,1908,1900,E1
소설,동인사담집 2,동인사담집 2/반야의 죽음,김동인,,1908,1900,E1
소설,동인사담집 2,동인사담집 2/분토,김동인,,1908,1900,E1
소설,동인사담집 2,동인사담집 2/식철수,김동인,,1908,1900,E1
소설,동인사담집 2,동인사담집 2/적분재상,김동인,,1908,1900,E1
소설,동인사담집 2,동인사담집 2/조신의 꿈,김동인,,1908,1900,E1
소설,동인사담집 2,동인사담집 2/편주의 가는 곳,김동인,,1908,1900,E1
소설,동인사담집 2,동인사담집 2/화하난무,김동인,,1908,1900,E1
소설,동인사담집 3,동인사담집 3/고달산,김동인,,1908,1900,E1
소설,동인사담집 3,동인사담집 3/광공자,김동인,,1908,1900,E1
소설,동인사담집 3,동인사담집 3/깨어진 물동이,김동인,,1908,1900,E1
소설,동인사담집 3,동인사담집 3/두문동록,김동인,,1908,1900,E1
소설,동인사담집 3,동인사담집 3/안 돌아오는 사자,김동인,,1908,1900,E1
소설,동인사담집 3,동인사담집 3/양,김동인,,1908,1900,E1
소설,동인사담집 3,동인사담집 3/양녕과 정향,김동인,,1908,1900,E1
소설,동인사담집 3,동인사담집 3/왕기는 벋어서,김동인,,1908,1900,E1
소설,동인사담집 5,동인사담집 5/동자삼,김동인,,1908,1900,E1
소설,동인사담집 5,동인사담집 5/신문고,김동인,,1908,1900,E1
소설,동인사담집 5,동인사담집 5/장사의 한,김동인,,1908,1900,E1
시,모르네 나는,모르네 나는,최남선,,1908,1900,E1
평론,민법과 상법,민법과 상법,안국선,,1908,1900,E1
신소설,빈상설,빈상설,이해조,,1908,1900,E1
소설,치악산,치악산,이인직,,1908,1900,E1
시,해에게서 소년에게,해에게서 소년에게,최남선,,1908,1900,E1
평론,회사의 종류,회사의 종류,안국선,대한협회회보,1908,1900,E1
시,꼿두고,꼿두고,최남선,,1909,1900,E1
신소설,모란병,모란병,이해조,,1909,1900,E1
시,밥버레,밥버레,최남선,,1909,1900,E1
소설,사랑인가,사랑인가,이광수,,1909,1900,E1
신소설,원앙도,원앙도,이해조,,1909,1900,E1
신소설,경세종,경세종,김필수,,1910,1910,E1
시,뜨거운 피,뜨거운 피,최남선,,1910,1910,E1
시,봄마지,봄마지,최남선,,1910,1910,E1
수필,꿈 (최남선),꿈 (최남선),최남선,,1912,1910,E1
희곡,병자삼인(病者三人),병자삼인,조중환,,1912,1910,E1
신소설,추월색,추월색,최찬식,,1912,1910,E1
시,소야곡,소야곡,김대봉,,1913,1910,E1
신소설,금강문(金剛門),금강문,최찬식,,1914,1910,E1
수필,이상적 부인,이상적 부인,나혜석,학지광,1914,1910,E1
수필,굽은다리 곁으로서,굽은다리 곁으로서,최남선,,1915,1910,E1
소설,꿈하늘,꿈하늘,신채호,,1916,1910,E1
소설,개척자,개척자,이광수,,1917,1910,E1
희곡,규한(閨恨),규한,이광수,,1917,1910,E1
소설,무정(無情),무정/101장~120장,이광수,,1917,1910,E1
소설,무정(無情),무정/121장~126장,이광수,,1917,1910,E1
소설,무정(無情),무정/1장~20장,이광수,,1917,1910,E1
소설,무정(無情),무정/21장~40장,이광수,,1917,1910,E1
소설,무정(無情),무정/41장~60장,이광수,,1917,1910,E1
소설,무정(無情),무정/61장~80장,이광수,,1917,1910,E1
소설,무정(無情),무정/81장~100장,이광수,,1917,1910,E1
소설,의심의 소녀,의심의 소녀,김명순,청춘,1917,1910,E1
소설,경희(瓊姬),경희,나혜석,,1918,1910,E1
수필,구세주의 改作(개작),구세주의 개작,홍난파,,1918,1910,E1
소설,눈을 겨우 뜰 때,눈을 겨우 뜰 때,김동인,,1918,1910,E1
소설,방황(彷徨),방황,이광수,,1918,1910,E1
수필,病友[병우] 생각,병우 생각,최남선,,1918,1910,E1
시,봄은 간다,봄은 간다,김억,,1918,1910,E1
시,심,심,한용운,,1918,1910,E1
소설,윤광호,윤광호,이광수,,1918,1910,E1
소설,회생한 손녀에게,회생한 손녀에게,나혜석,여자계,1918,1910,E1
소설,낙오자,낙오자,이익상,,1919,1910,E1
소설,마음이 옅은 자여,마음이 옅은 자여,김동인,,1919,1910,E1
소설,바람과 빛,바람과 빛,홍난파,,1919,1910,E1
수필,서울 계신 K형께,서울계신K형께,홍난파,삼광,1919,1910,E1
수필,월광의 곡,월광의 곡,홍난파,,1919,1910,E1
수필,청산백운,청산백운,"홍사용, 정백",,1919,1910,E1
시,거친 풀 흐트러진 모래동으로,거친 풀 흐트러진 모래동으로,김소월,,1920,1920,E2
시,낭인의 봄,낭인의 봄,김소월,,1920,1920,E2
시,년보,년보,이육사,,1920,1920,E2
소설,유린,유린,현진건,백조,1920,1920,E2
소설,청춘,청춘,나도향,,1920,1920,E2
시,춘강,춘강,김소월,,1920,1920,E2
수필,춘조,춘조,김소월,,1920,1920,E2
소설,희생화,희생화,현진건,,1920,1920,E2
소설,가실(嘉實),가실,이광수,,1921,1920,E2
시,구면(舊面),구면,김소월,,1921,1920,E2
소설,규원,규원,나혜석,,1921,1920,E2
시,둥근 해,둥근 해,김소월,,1921,1920,E2
시,몽환병(夢幻病),몽환병,이상화,,1921,1920,E2
소설,배따라기,배따라기,김동인,,1921,1920,E2
소설,빈처(貧妻),빈처,현진건,,1921,1920,E2
시,인형의 家,인형의 家,나혜석,,1921,1920,E2
소설,전제자,전제자,김동인,,1921,1920,E2
시,가는 봄 삼월,가는 봄 삼월,김소월,,1922,1920,E2
시,가을 (김소월),가을 (김소월),김소월,,1922,1920,E2
시,가을 하늘 밑에 서서,가을 하늘 밑에 서서,변영로,,1922,1920,E2
시,가을의 풍경,가을의 풍경,이상화,,1922,1920,E2
소설,感謝[감사]와 謝罪[사죄],감사와 사죄,이광수,,1922,1920,E2
시,고적한 날,고적한 날,김소월,,1922,1920,E2
시,공원(公園)의 밤,공원의 밤,김소월,,1922,1920,E2
수필,"公園情操[공원정조]
 하야(廈夜)의 각 공원",공원정조,방정환,,1922,1920,E2
시,그날이 그립다,그날이 그립다,이상화,,1922,1920,E2
시,"금강송가(金剛頌歌)
 중향성(衆香城) 향나무를 더우잡고",금강송가,이상화,,1922,1920,E2
시,꿈자리,꿈자리,김소월,,1922,1920,E2
소설,나는 왕이로소이다,나는 왕이로소이다,홍사용,,1922,1920,E2
시,날이 새입니다,날이 새입니다,변영로,,1922,1920,E2
시,농촌의 집,농촌의 집,이상화,,1922,1920,E2
시,눈이 오시네,눈이 오시네,이상화,,1922,1920,E2
시,단조 (單調),단조,이상화,,1922,1920,E2
시,독백(獨白),독백 (이상화),이상화,,1922,1920,E2
시,동경에서,동경에서,이상화,,1922,1920,E2
시,마음의 꽃,마음의 꽃,이상화,,1922,1920,E2
시,만주벌,만주벌,이상화,,1922,1920,E2
시,말세의 희탄,말세의 희탄,이상화,,1922,1920,E2
시,무제,무제 (이상화),이상화,,1922,1920,E2
평론,민족개조론,민족개조론,이광수,,1922,1920,E2
시,"바다의 노래바다의 노래
 나의 넋, 물결과 어우러져
 바다의 노래
 나의 넋, 물결과 어우러져
 동해(東海)의 마음을 가져 온 노래",바다의 노래,이상화,,1922,1920,E2
시,반딧불,반딧불,이상화,,1922,1920,E2
시,방문 거절,방문 거절,이상화,,1922,1920,E2
시,백조(白潮)는 흐르는데 별 하나 나 하나,백조는 흐르는데 별 하나 나 하나,홍사용,,1922,1920,E2
소설,별을 안거든 우지나 말걸,별을 안거든 우지나 말걸,나도향,,1922,1920,E2
시,별의 압흠,별의 압흠,남궁벽,,1922,1920,E2
시,봄비 (변영로),봄비 (변영로),변영로,,1922,1920,E2
시,봄은 가더이다,봄은 가더이다,홍사용,,1922,1920,E2
시,비갠 아침,비갠 아침,이상화,,1922,1920,E2
시,"비를 비를 다오
 비를 다오
 농민의 정서를 읊조림",비를 다오,이상화,,1922,1920,E2
시,비를 타고,비를 타고,이상화,,1922,1920,E2
시,"비음(緋音)
 「비음(緋音)」의 서사(序詞)",비음,이상화,,1922,1920,E2
시,빈촌의 밤,빈촌의 밤,이상화,,1922,1920,E2
시,새 세계(世界),새 세계,이상화,,1922,1920,E2
소설,옛날 꿈은 창백하더이다,옛날 꿈은 창백하더이다,나도향,,1922,1920,E2
시,원시적 읍울,원시적 읍울,이상화,,1922,1920,E2
소설,젊은이의 시절,젊은이의 시절,나도향,백조,1922,1920,E2
시,꿈꾼 그 옛날,진달래꽃 (시집)/꿈꾼 그 옛날,김소월,,1922,1920,E2
소설,타락자,타락자,현진건,,1922,1920,E2
소설,태형,태형,김동인,,1922,1920,E2
소설,피아노,피아노,현진건,개벽,1922,1920,E2
시,하늘만 보아라,하늘만 보아라,변영로,동명,1922,1920,E2
소설,할멈,할멈,이광수,,1922,1920,E2
소설,환희,환희,나도향,,1922,1920,E2
동화,나비의 꿈,나비의 꿈,방정환,,1923,1920,E2
시,나의 침실로,나의 침실로,이상화,,1923,1920,E2
희곡,노래 주머니,노래 주머니,방정환,,1923,1920,E2
시,논개,논개,변영로,,1923,1920,E2
시,눈물이 쉬루르 흘러납니다,눈물이 쉬루르 흘러납니다,김소월,,1923,1920,E2
수필,杜翁의 片鱗,두옹의 편린,노자영,,1923,1920,E2
수필,살아가는 법,살아가는 법,홍난파,동아리보,1923,1920,E2
수필,속 모르는 만년필 장사,속 모르는 만년필 장사,나도향,배재,1923,1920,E2
소설,어지러움,어즈러움,김동인,,1923,1920,E2
수필,여이발사,여이발사,나도향,백조3,1923,1920,E2
소설,우편국에서,우편국에서,현진건,,1923,1920,E2
소설,은화 백동화,은화 백동화,나도향,동명,1923,1920,E2
소설,이 잔을,이 잔을,김동인,,1923,1920,E2
동화,이상한 샘물,이상한 샘물,방정환,어린이,1923,1920,E2
시,이중의 사망,이중의 사망,이상화,,1923,1920,E2
평론,조선혁명선언,조선혁명선언,신채호,,1923,1920,E2
소설,지새는 안개,지새는 안개/제1장,현진건,개벽,1923,1920,E2
소설,지새는 안개,지새는 안개/제2장,현진건,개벽,1923,1920,E2
소설,지새는 안개,지새는 안개/제3장,현진건,개벽,1923,1920,E2
소설,지새는 안개,지새는 안개/제4장,현진건,개벽,1923,1920,E2
소설,지새는 안개,지새는 안개/제5장,현진건,개벽,1923,1920,E2
소설,할머니의 죽음,할머니의 죽음,현진건,백조,1923,1920,E2
시,해 저문 나라에,해 저문 나라에,홍사용,개벽,1923,1920,E2
소설,행랑자식,행랑자식,나도향,개벽,1923,1920,E2
소설,허생전,허생전 (이광수),이광수,,1923,1920,E2
동화,4월 그믐날 밤,4월 그믐날 밤,방정환,,1924,1920,E2
소설,고국,고국,최서해,,1924,1920,E2
시,그 때가 언제나 옵니까,그 때가 언제나 옵니까,변영로,,1924,1920,E2
소설,그립은 흘긴 눈,그립은 흘긴 눈,현진건,,1924,1920,E2
동화,금도끼,금도끼,방정환,,1924,1920,E2
소설,까막잡기,까막잡기,현진건,,1924,1920,E2
시,나무리벌 노래,나무리벌 노래,김소월,,1924,1920,E2
소설,노라,노라,나혜석,,1924,1920,E2
시,눈 (변영로),눈 (변영로),변영로,,1924,1920,E2
시,눈 올 때마다,눈 올 때마다,김억,,1924,1920,E2
소설,매월,매월,최서해,,1924,1920,E2
소설,목숨,목숨,김동인,,1924,1920,E2
시,못 놓이는 마음,못 놓이는 마음,변영로,,1924,1920,E2
수필,뭉게구름의 비밀,뭉게구름의 비밀,방정환,,1924,1920,E2
소설,발(簾),발,현진건,,1924,1920,E2
시,버러지도 싫다하올 이 몸이,버러지도 싫다하올 이 몸이,변영로,,1924,1920,E2
시,벗들이여,벗들이여,변영로,,1924,1920,E2
소설,보석반지(寶石半指),보석반지,최서해,,1924,1920,E2
시,봄은 고양이로다,봄은 고양이로다,이장희,,1924,1920,E2
시,북청 물장수,북청 물장수,김동환,,1924,1920,E2
시,불칭추평,불칭추평,김소월,,1924,1920,E2
시,비,비,김억,,1924,1920,E2
수필,사랑,사랑 (수필),이광수,,1924,1920,E2
시,사랑은,사랑은,변영로,,1924,1920,E2
한시,思親,사친,이용구,,1924,1920,E2
시,새 한 마리,새 한 마리,이장희,금성,1924,1920,E2
동화,선물 아닌 선물,선물 아닌 선물,방정환,어린이,1924,1920,E2
소설,어떤 아침,어떤 아침,이광수,조선문단,1924,1920,E2
수필,어린 영혼,어린 영혼,이광수,영대,1924,1920,E2
수필,어린이 찬미,어린이 찬미,방정환,신여성,1924,1920,E2
수필,연분,연분,이육사,영대,1924,1920,E2
소설,운수 좋은 날,운수 좋은 날,현진건,,1924,1920,E2
소설,유서,유서,김동인,영대,1924,1920,E2
수필,이러쿵 저러쿵,이러쿵 저러쿵,현진건,,1924,1920,E2
소설,자기를 찾기 전,자기를 찾기 전,나도향,개벽,1924,1920,E2
소설,재생,재생 (이광수),이광수,동아일보,1924,1920,E2
소설,전차 차장의 일기 몇 절,전차 차장의 일기 몇 절,나도향,,1924,1920,E2
시,지반 정경,지반 정경,이상화,,1924,1920,E2
시,차라리 달 없는 밤이드면,차라리 달 없는 밤이드면,변영로,,1924,1920,E2
시,친애하는 벗이여,친애하는 벗이여,변영로,,1924,1920,E2
소설,피고,피고,김동인,,1924,1920,E2
시,항전 애창 명주 딸기,항전 애창 명주 딸기,김소월,,1924,1920,E2
소설,향수,향수 (최서해),최서해,,1924,1920,E2
소설,H君(군)을 생각하고,H군을 생각하고,이광수,,1924,1920,E2
시,5일밤 산보,5일밤 산보,김소월,,1925,1920,E2
시,가막덤불,가막덤불,김소월,,1925,1920,E2
시,가을,가을 (강경애),강경애,,1925,1920,E2
수필,가을이 왔다-새 世界[세계]의 展開[전개]를 보자,가을이 왔다,최남선,,1925,1920,E2
소설,감자,감자,김동인,,1925,1920,E2
시,겨울밤,겨울밤,이장희,,1925,1920,E2
소설,계집 하인,계집 하인,나도형,,1925,1920,E2
시,고독,고독,김소월,,1925,1920,E2
칼럼,고산자를 회함,고산자를_회함/상,최남선,,1925,1920,E2
칼럼,고산자를 회함,고산자를_회함/하,최남선,,1925,1920,E2
시,고양이의 꿈,고양이의 꿈,이장희,,1925,1920,E2
소설,광란,광란,이익상,,1925,1920,E2
시,구고 이장,구고 이장,이상화,,1925,1920,E2
소설,구속의 첫날,구속의 첫날,이익상,,1925,1920,E2
시,국경의 밤,국경의 밤/곡 폐허,김동환,,1925,1920,E2
시,국경의 밤,국경의 밤/국경의 밤,김동환,,1925,1920,E2
시,국경의 밤,국경의 밤/꿈을 따라 갔더니,김동환,,1925,1920,E2
시,국경의 밤,국경의 밤/눈이 내리느니,김동환,,1925,1920,E2
시,국경의 밤,국경의 밤/도토리,김동환,,1925,1920,E2
시,국경의 밤,국경의 밤/물결,김동환,,1925,1920,E2
시,국경의 밤,국경의 밤/방화범,김동환,,1925,1920,E2
시,국경의 밤,국경의 밤/북청 물장수,김동환,,1925,1920,E2
시,국경의 밤,국경의 밤/서,김동환,,1925,1920,E2
시,국경의 밤,국경의 밤/서시,김동환,,1925,1920,E2
시,국경의 밤,국경의 밤/선구자,김동환,,1925,1920,E2
시,국경의 밤,국경의 밤/손님,김동환,,1925,1920,E2
시,국경의 밤,국경의 밤/영탄,김동환,,1925,1920,E2
시,국경의 밤,국경의 밤/울 수도 없거든,김동환,,1925,1920,E2
시,국경의 밤,국경의 밤/주영의 고백,김동환,,1925,1920,E2
시,국경의 밤,국경의 밤/초인의 선언,김동환,,1925,1920,E2
시,국경의 밤,국경의 밤/표박,김동환,,1925,1920,E2
시,그 사람에게,그 사람에게,김소월,,1925,1920,E2
수필,그믐달 (나도향),그믐달 (나도향),나도향,,1925,1920,E2
소설,기아(棄兒),기아,최서해,,1925,1920,E2
소설,기아와 살륙,기아와 살륙,최서해,,1925,1920,E2
소설,꿈 (나도향),꿈 (나도향),나도향,,1925,1920,E2
시,남의 나라땅,남의 나라땅,김소월,,1925,1920,E2
수필,낭객의 신년 만필,낭객의 신년 만필,신채호,,1925,1920,E2
시,달밤 모래 위에서,달밤 모래 위에서,이장희,,1925,1920,E2
소설,땅 속으로,땅 속으로,조명희,,1925,1920,E2
시,머-ㄴ 企待,먼 기대,이상화,,1925,1920,E2
소설,명문,명문,김동인,,1925,1920,E2
시,무제3,무제3,홍난파,,1925,1920,E2
소설,물레방아,물레방아,나도향,,1925,1920,E2
소설,박돌의 죽음,박돌의 죽음,최서해,,1925,1920,E2
시,배,배,김소월,,1925,1920,E2
시,벗 마을,벗 마을,김소월,,1925,1920,E2
소설,벙어리 삼룡이,벙어리 삼룡이,나도향,,1925,1920,E2
수필,별호,별호,나도향,,1925,1920,E2
시,병적 계절,병적 계절,이상화,,1925,1920,E2
시,부모,부모,김소월,,1925,1920,E2
소설,불,불,현진건,,1925,1920,E2
시,비오는 날,비오는 날,이장희,,1925,1920,E2
소설,뽕,뽕,나도향,,1925,1920,E2
수필,사라지지 않는 기억,사라지지 않는 기억,방정환,조선문단,1925,1920,E2
소설,사랑에 주렸던 이들,사랑에 주렸던 이들,이광수,,1925,1920,E2
소설,상환(相換),상환,계용묵,,1925,1920,E2
시,귀여운 내 수리,생명의 과실/귀여운 내 수리,김명순,,1925,1920,E2
시,그쳐요,생명의 과실/그쳐요,김명순,,1925,1920,E2
시,기도,생명의 과실/기도,김명순,,1925,1920,E2
시,길,생명의 과실/길,김명순,,1925,1920,E2
시,꿈,생명의 과실/꿈,김명순,,1925,1920,E2
시,남방,생명의 과실/남방,김명순,,1925,1920,E2
시,내 가슴에,생명의 과실/내 가슴에,김명순,,1925,1920,E2
시,들리는 소리를,생명의 과실/들리는 소리를,김명순,,1925,1920,E2
시,무제,생명의 과실/무제,김명순,,1925,1920,E2
시,밀어,생명의 과실/밀어,김명순,,1925,1920,E2
시,바람과 노래,생명의 과실/바람과 노래,김명순,,1925,1920,E2
시,분신,생명의 과실/분신,김명순,,1925,1920,E2
시,사랑하는 이의 이름,생명의 과실/사랑하는 이의 이름,김명순,,1925,1920,E2
시,소소,생명의 과실/소소,김명순,,1925,1920,E2
시,싸움,생명의 과실/싸움,김명순,,1925,1920,E2
시,옛날의 노래여,생명의 과실/옛날의 노래여,김명순,,1925,1920,E2
시,외로움의 부름,생명의 과실/외로움의 부름,김명순,,1925,1920,E2
시,위로,생명의 과실/위로,김명순,,1925,1920,E2
시,유리관 속에,생명의 과실/유리관 속에,김명순,,1925,1920,E2
시,유언,생명의 과실/유언,김명순,,1925,1920,E2
시,재롱,생명의 과실/재롱,김명순,,1925,1920,E2
시,저주,생명의 과실/저주,김명순,,1925,1920,E2
시,탄식,생명의 과실/탄식,김명순,,1925,1920,E2
시,탄실의 초몽,생명의 과실/탄실의 초몽,김명순,,1925,1920,E2
수필,시혼,시혼,김소월,개벽,1925,1920,E2
소설,어머니,어머니 (나도향),나도향,,1925,1920,E2
소설,어촌,어촌,이익상,생장,1925,1920,E2
시,연,연,이장희,신민,1925,1920,E2
시,오늘의 노래,오늘의 노래,이상화,,1925,1920,E2
시,옷과 밥과 자유,옷과 밥과 자유,김소월,동아일보,1925,1920,E2
시,이 해를 보내는 노래,이 해를 보내는 노래,이상화,,1925,1920,E2
시,이별을 하느니,이별을 하느니,이상화,,1925,1920,E2
소설,일설 춘향전,일설 춘향전,이광수,동아일보,1925,1920,E2
수필,잊음의 나라로,잊음의 나라로,이광수,영대,1925,1920,E2
시,자전거,자전거 (김소월),김소월,,1925,1920,E2
소설,정희,정희,김동인,,1925,1920,E2
시,가는 길,진달래꽃 (시집)/가는 길,김소월,,1925,1920,E2
시,가을 아침에,진달래꽃 (시집)/가을 아침에,김소월,,1925,1920,E2
시,가을 저녁에,진달래꽃 (시집)/가을 저녁에,김소월,,1925,1920,E2
시,강촌,진달래꽃 (시집)/강촌,김소월,,1925,1920,E2
시,개아미,진달래꽃 (시집)/개아미,김소월,,1925,1920,E2
시,개여울,진달래꽃 (시집)/개여울,김소월,,1925,1920,E2
시,개여울의 노래,진달래꽃 (시집)/개여울의 노래,김소월,,1925,1920,E2
시,구름,진달래꽃 (시집)/구름,김소월,,1925,1920,E2
시,귀뚜라미,진달래꽃 (시집)/귀뚜라미,김소월,,1925,1920,E2
시,그를 꿈꾼 밤,진달래꽃 (시집)/그를 꿈꾼 밤,김소월,,1925,1920,E2
시,금잔디,진달래꽃 (시집)/금잔디,김소월,,1925,1920,E2
시,기억,진달래꽃 (시집)/기억,김소월,,1925,1920,E2
시,길,진달래꽃 (시집)/길,김소월,,1925,1920,E2
시,깊고 깊은 언약,진달래꽃 (시집)/깊고 깊은 언약,김소월,,1925,1920,E2
시,깊이 믿던 심성,진달래꽃 (시집)/깊이 믿던 심성,김소월,,1925,1920,E2
시,꽃촉불 켜는 밤,진달래꽃 (시집)/꽃촉불 켜는 밤,김소월,,1925,1920,E2
시,꿈 1,진달래꽃 (시집)/꿈 1,김소월,,1925,1920,E2
시,꿈 2,진달래꽃 (시집)/꿈 2,김소월,,1925,1920,E2
시,꿈길,진달래꽃 (시집)/꿈길,김소월,,1925,1920,E2
시,꿈으로 오는 한 사람,진달래꽃 (시집)/꿈으로 오는 한 사람,김소월,,1925,1920,E2
시,나는 세상모르고 살았노라,진달래꽃 (시집)/나는 세상모르고 살았노라,김소월,,1925,1920,E2
시,나의 집,진달래꽃 (시집)/나의 집,김소월,,1925,1920,E2
시,낙천,진달래꽃 (시집)/낙천,김소월,,1925,1920,E2
시,남의 나라 땅,진달래꽃 (시집)/남의 나라 땅,김소월,,1925,1920,E2
시,널,진달래꽃 (시집)/널,김소월,,1925,1920,E2
시,눈,진달래꽃 (시집)/눈,김소월,,1925,1920,E2
시,눈 오는 저녁,진달래꽃 (시집)/눈 오는 저녁,김소월,,1925,1920,E2
시,님과 벗,진달래꽃 (시집)/님과 벗,김소월,,1925,1920,E2
시,님에게,진달래꽃 (시집)/님에게,김소월,,1925,1920,E2
시,님의 노래,진달래꽃 (시집)/님의 노래,김소월,,1925,1920,E2
시,님의 말씀,진달래꽃 (시집)/님의 말씀,김소월,,1925,1920,E2
시,달맞이,진달래꽃 (시집)/달맞이,김소월,,1925,1920,E2
시,닭소리,진달래꽃 (시집)/닭소리,김소월,,1925,1920,E2
시,닭은 꼬꾸요,진달래꽃 (시집)/닭은 꼬꾸요,김소월,,1925,1920,E2
시,담배,진달래꽃 (시집)/담배,김소월,,1925,1920,E2
시,두 사람,진달래꽃 (시집)/두 사람,김소월,,1925,1920,E2
시,들도리,진달래꽃 (시집)/들도리,김소월,,1925,1920,E2
시,들돌이,진달래꽃 (시집)/들돌이,김소월,,1925,1920,E2
시,마른강 두덕에서,진달래꽃 (시집)/마른강 두덕에서,김소월,,1925,1920,E2
시,만나려는 심사,진달래꽃 (시집)/만나려는 심사,김소월,,1925,1920,E2
시,만리성,진달래꽃 (시집)/만리성,김소월,,1925,1920,E2
시,맘 켕기는 날,진달래꽃 (시집)/맘 켕기는 날,김소월,,1925,1920,E2
시,맘에 있는 말이라고 다 할까 보냐,진달래꽃 (시집)/맘에 있는 말이라고 다 할까 보냐,김소월,,1925,1920,E2
시,먼 후일,진달래꽃 (시집)/먼 후일,김소월,,1925,1920,E2
시,몹쓸 꿈,진달래꽃 (시집)/몹쓸 꿈,김소월,,1925,1920,E2
시,못 잊어,진달래꽃 (시집)/못 잊어,김소월,,1925,1920,E2
시,무덤,진달래꽃 (시집)/무덤,김소월,,1925,1920,E2
시,무신,진달래꽃 (시집)/무신,김소월,,1925,1920,E2
시,무심,진달래꽃 (시집)/무심,김소월,,1925,1920,E2
시,묵념,진달래꽃 (시집)/묵념,김소월,,1925,1920,E2
시,물마름,진달래꽃 (시집)/물마름,김소월,,1925,1920,E2
시,바다,진달래꽃 (시집)/바다,김소월,,1925,1920,E2
시,바다가 변하야 뽕나무밭 된다고,진달래꽃 (시집)/바다가 변하야 뽕나무밭 된다고,김소월,,1925,1920,E2
시,바라건대는 우리에게 우리의 보습 대일 땅이 있었더면,진달래꽃 (시집)/바라건대는 우리에게 우리의 보습 대일 땅이 있었더면,김소월,,1925,1920,E2
시,바람과 봄,진달래꽃 (시집)/바람과 봄,김소월,,1925,1920,E2
시,바리운 몸,진달래꽃 (시집)/바리운 몸,김소월,,1925,1920,E2
시,반달,진달래꽃 (시집)/반달,김소월,,1925,1920,E2
시,밤,진달래꽃 (시집)/밤,김소월,,1925,1920,E2
시,밭고랑 위에서,진달래꽃 (시집)/밭고랑 위에서,김소월,,1925,1920,E2
시,봄 밤,진달래꽃 (시집)/봄 밤,김소월,,1925,1920,E2
시,봄비,진달래꽃 (시집)/봄비,김소월,,1925,1920,E2
시,부귀공명,진달래꽃 (시집)/부귀공명,김소월,,1925,1920,E2
시,부모,진달래꽃 (시집)/부모,김소월,,1925,1920,E2
시,부부,진달래꽃 (시집)/부부,김소월,,1925,1920,E2
시,부헝새,진달래꽃 (시집)/부헝새,김소월,,1925,1920,E2
시,분 얼굴,진달래꽃 (시집)/분 얼굴,김소월,,1925,1920,E2
시,불운에 우는 그대여,진달래꽃 (시집)/불운에 우는 그대여,김소월,,1925,1920,E2
시,붉은 조수,진달래꽃 (시집)/붉은 조수,김소월,,1925,1920,E2
시,비난수 하는 맘,진달래꽃 (시집)/비난수 하는 맘,김소월,,1925,1920,E2
시,사노라면 사람은 죽는 것을,진달래꽃 (시집)/사노라면 사람은 죽는 것을,김소월,,1925,1920,E2
시,삭주구성,진달래꽃 (시집)/삭주구성,김소월,,1925,1920,E2
시,산,진달래꽃 (시집)/산,김소월,,1925,1920,E2
시,산 위에,진달래꽃 (시집)/산 위에,김소월,,1925,1920,E2
시,산유화,진달래꽃 (시집)/산유화,김소월,,1925,1920,E2
시,새벽,진달래꽃 (시집)/새벽,김소월,,1925,1920,E2
시,생과 사,진달래꽃 (시집)/생과 사,김소월,,1925,1920,E2
시,서울 밤,진달래꽃 (시집)/서울 밤,김소월,,1925,1920,E2
시,설움의 덩이,진달래꽃 (시집)/설움의 덩이,김소월,,1925,1920,E2
시,수아,진달래꽃 (시집)/수아,김소월,,1925,1920,E2
시,실제 1,진달래꽃 (시집)/실제 1,김소월,,1925,1920,E2
시,실제 2,진달래꽃 (시집)/실제 2,김소월,,1925,1920,E2
시,아내 몸,진달래꽃 (시집)/아내 몸,김소월,,1925,1920,E2
시,애모,진달래꽃 (시집)/애모,김소월,,1925,1920,E2
시,어버이,진달래꽃 (시집)/어버이,김소월,,1925,1920,E2
시,어인,진달래꽃 (시집)/어인,김소월,,1925,1920,E2
시,엄마야 누나야,진달래꽃 (시집)/엄마야 누나야,김소월,,1925,1920,E2
시,엄숙,진달래꽃 (시집)/엄숙,김소월,,1925,1920,E2
시,여름의 달밤,진달래꽃 (시집)/여름의 달밤,김소월,,1925,1920,E2
시,여수,진달래꽃 (시집)/여수,김소월,,1925,1920,E2
시,여자의 냄새,진달래꽃 (시집)/여자의 냄새,김소월,,1925,1920,E2
시,열락,진달래꽃 (시집)/열락,김소월,,1925,1920,E2
시,예전엔 미처 몰랐어요,진달래꽃 (시집)/예전엔 미처 몰랐어요,김소월,,1925,1920,E2
시,옛날,진달래꽃 (시집)/옛날,김소월,,1925,1920,E2
시,옛이야기,진달래꽃 (시집)/옛이야기,김소월,,1925,1920,E2
시,오는 봄,진달래꽃 (시집)/오는 봄,김소월,,1925,1920,E2
시,오시는 눈,진달래꽃 (시집)/오시는 눈,김소월,,1925,1920,E2
시,왕십리,진달래꽃 (시집)/왕십리,김소월,,1925,1920,E2
시,우리 집,진달래꽃 (시집)/우리 집,김소월,,1925,1920,E2
시,웡앙침,진달래꽃 (시집)/원앙침,김소월,,1925,1920,E2
시,월색,진달래꽃 (시집)/월색,김소월,,1925,1920,E2
시,잊었던 맘,진달래꽃 (시집)/잊었던 맘,김소월,,1925,1920,E2
시,자나 깨나 앉으나 서나,진달래꽃 (시집)/자나 깨나 앉으나 서나,김소월,,1925,1920,E2
시,자주 구름,진달래꽃 (시집)/자주 구름,김소월,,1925,1920,E2
시,저녁때,진달래꽃 (시집)/저녁때,김소월,,1925,1920,E2
시,전망,진달래꽃 (시집)/전망,김소월,,1925,1920,E2
시,접동새,진달래꽃 (시집)/접동새,김소월,,1925,1920,E2
시,제비,진달래꽃 (시집)/제비,김소월,,1925,1920,E2
시,지연,진달래꽃 (시집)/지연,김소월,,1925,1920,E2
시,진달래꽃,진달래꽃 (시집)/진달래꽃,김소월,,1925,1920,E2
시,집생각,진달래꽃 (시집)/집생각,김소월,,1925,1920,E2
시,찬 저녁,진달래꽃 (시집)/찬 저녁,김소월,,1925,1920,E2
시,천리만리,진달래꽃 (시집)/천리만리,김소월,,1925,1920,E2
시,첫 치마,진달래꽃 (시집)/첫 치마,김소월,,1925,1920,E2
시,초혼 ,진달래꽃 (시집)/초혼,김소월,,1925,1920,E2
시,추회,진달래꽃 (시집)/추회,김소월,,1925,1920,E2
시,춘향과 이도령,진달래꽃 (시집)/춘향과 이도령,김소월,,1925,1920,E2
시,풀 따기,진달래꽃 (시집)/풀 따기,김소월,,1925,1920,E2
시,하늘 끝,진달래꽃 (시집)/하늘 끝,김소월,,1925,1920,E2
시,하다못해 죽어 달려가 올라,진달래꽃 (시집)/하다못해 죽어 달려가 올라,김소월,,1925,1920,E2
시,합장,진달래꽃 (시집)/합장,김소월,,1925,1920,E2
시,해가 산마루에 저물어도,진달래꽃 (시집)/해가 산마루에 저물어도,김소월,,1925,1920,E2
시,황촉불,진달래꽃 (시집)/황촉불,김소월,,1925,1920,E2
시,후살이,진달래꽃 (시집)/후살이,김소월,,1925,1920,E2
시,훗길,진달래꽃 (시집)/훗길,김소월,,1925,1920,E2
시,희망,진달래꽃 (시집)/희망,김소월,,1925,1920,E2
시,비단안개,진달래꽃 (현대어 시집)/비단 안개,김소월,,1925,1920,E2
시,청천의 유방,청천의 유방,이장희,여명,1925,1920,E2
수필,출가자의 유서,출가자의 유서,이상화,,1925,1920,E2
소설,큰물 진 뒤,큰물 진 뒤,최서해,개벽,1925,1920,E2
소설,탈출기,탈출기,최서해,조선문단,1925,1920,E2
시,폭풍우를 기다리는 마음,폭풍우를 기다리는 마음,이상화,,1925,1920,E2
소설,흙의 세례,흙의 세례,이익상,개벽,1925,1920,E2
소설,B사감과 러브레터,B사감과 러브레터,현진건,,1925,1920,E2
소설,○씨,X씨,김동인,,1925,1920,E2
격문,6·10 만세운동 격문,6·10 만세운동 격문,김성수,,1926,1920,E2
소설,가로의 요술사,가로의 요술사,이효석,,1926,1920,E2
시,겨울 마음,겨울 마음,이상화,,1926,1920,E2
소설,고향 (현진건),고향 (현진건),현진건,,1926,1920,E2
소설,그믐밤,그믐밤,최서해,,1926,1920,E2
시,눈 (이장희),눈 (이장희),이장희,,1926,1920,E2
시,님의 침묵,님의 침묵/「？」,한용운,,1926,1920,E2
시,님의 침묵,님의 침묵/「사랑」을 사랑하여요,한용운,,1926,1920,E2
시,님의 침묵,님의 침묵/가지 마셔요,한용운,,1926,1920,E2
시,님의 침묵,님의 침묵/거문고 탈 때,한용운,,1926,1920,E2
시,님의 침묵,님의 침묵/거짓 이별,한용운,,1926,1920,E2
시,님의 침묵,님의 침묵/계월향에게,한용운,,1926,1920,E2
시,님의 침묵,님의 침묵/고대,한용운,,1926,1920,E2
시,님의 침묵,님의 침묵/고적한 밤,한용운,,1926,1920,E2
시,님의 침묵,님의 침묵/그를 보내며,한용운,,1926,1920,E2
시,님의 침묵,님의 침묵/금강산,한용운,,1926,1920,E2
시,님의 침묵,님의 침묵/길이 막혀,한용운,,1926,1920,E2
시,님의 침묵,님의 침묵/꽃싸움,한용운,,1926,1920,E2
시,님의 침묵,님의 침묵/꽃이 먼저 알아,한용운,,1926,1920,E2
시,님의 침묵,님의 침묵/꿈 깨고서,한용운,,1926,1920,E2
시,님의 침묵,님의 침묵/꿈과 근심,한용운,,1926,1920,E2
시,님의 침묵,님의 침묵/꿈이라면,한용운,,1926,1920,E2
시,님의 침묵,님의 침묵/나는 잊고저,한용운,,1926,1920,E2
시,님의 침묵,님의 침묵/나룻배와 행인,한용운,,1926,1920,E2
시,님의 침묵,님의 침묵/나의 길,한용운,,1926,1920,E2
시,님의 침묵,님의 침묵/나의 꿈,한용운,,1926,1920,E2
시,님의 침묵,님의 침묵/나의 노래,한용운,,1926,1920,E2
시,님의 침묵,님의 침묵/낙원은 가시덤풀에서,한용운,,1926,1920,E2
시,님의 침묵,님의 침묵/논개의 애인이 되어서 그의 묘에,한용운,,1926,1920,E2
시,님의 침묵,님의 침묵/눈물,한용운,,1926,1920,E2
시,님의 침묵,님의 침묵/님의 손길,한용운,,1926,1920,E2
시,님의 침묵,님의 침묵/님의 얼굴,한용운,,1926,1920,E2
시,님의 침묵,님의 침묵/님의 침묵,한용운,,1926,1920,E2
시,님의 침묵,님의 침묵/달을 보며,한용운,,1926,1920,E2
시,님의 침묵,님의 침묵/당신 가신 때,한용운,,1926,1920,E2
시,님의 침묵,님의 침묵/당신은,한용운,,1926,1920,E2
시,님의 침묵,님의 침묵/당신을 보았습니다,한용운,,1926,1920,E2
시,님의 침묵,님의 침묵/당신의 마음,한용운,,1926,1920,E2
시,님의 침묵,님의 침묵/당신의 편지,한용운,,1926,1920,E2
시,님의 침묵,님의 침묵/당신이 아니더면,한용운,,1926,1920,E2
시,님의 침묵,님의 침묵/독자에게,한용운,,1926,1920,E2
시,님의 침묵,님의 침묵/두견새,한용운,,1926,1920,E2
시,님의 침묵,님의 침묵/떠날 때의 님의 얼굴,한용운,,1926,1920,E2
시,님의 침묵,님의 침묵/만족,한용운,,1926,1920,E2
시,님의 침묵,님의 침묵/명상,한용운,,1926,1920,E2
시,님의 침묵,님의 침묵/반비례,한용운,,1926,1920,E2
시,님의 침묵,님의 침묵/밤은 고요하고,한용운,,1926,1920,E2
시,님의 침묵,님의 침묵/버리지 아니하면,한용운,,1926,1920,E2
시,님의 침묵,님의 침묵/복종,한용운,,1926,1920,E2
시,님의 침묵,님의 침묵/비,한용운,,1926,1920,E2
시,님의 침묵,님의 침묵/비밀,한용운,,1926,1920,E2
시,님의 침묵,님의 침묵/비방,한용운,,1926,1920,E2
시,님의 침묵,님의 침묵/사랑의 끝판,한용운,,1926,1920,E2
시,님의 침묵,님의 침묵/사랑의 불,한용운,,1926,1920,E2
시,님의 침묵,님의 침묵/사랑의 존재,한용운,,1926,1920,E2
시,님의 침묵,님의 침묵/사랑의 측량,한용운,,1926,1920,E2
시,님의 침묵,님의 침묵/사랑하는 까닭,한용운,,1926,1920,E2
시,님의 침묵,님의 침묵/생명,한용운,,1926,1920,E2
시,님의 침묵,님의 침묵/생의 예술,한용운,,1926,1920,E2
시,님의 침묵,님의 침묵/선사의 설법,한용운,,1926,1920,E2
시,님의 침묵,님의 침묵/수의 비밀,한용운,,1926,1920,E2
시,님의 침묵,님의 침묵/슬픔의 삼매,한용운,,1926,1920,E2
시,님의 침묵,님의 침묵/심은 버들,한용운,,1926,1920,E2
시,님의 침묵,님의 침묵/알 수 없어요,한용운,,1926,1920,E2
시,님의 침묵,님의 침묵/어느것이 참이냐,한용운,,1926,1920,E2
시,님의 침묵,님의 침묵/어디라도,한용운,,1926,1920,E2
시,님의 침묵,님의 침묵/여름밤이 길어요,한용운,,1926,1920,E2
시,님의 침묵,님의 침묵/예술가,한용운,,1926,1920,E2
시,님의 침묵,님의 침묵/오셔요,한용운,,1926,1920,E2
시,님의 침묵,님의 침묵/요술,한용운,,1926,1920,E2
시,님의 침묵,님의 침묵/우는 때,한용운,,1926,1920,E2
시,님의 침묵,님의 침묵/의심하지 마셔요,한용운,,1926,1920,E2
시,님의 침묵,님의 침묵/이별,한용운,,1926,1920,E2
시,님의 침묵,님의 침묵/이별은 미의 창조,한용운,,1926,1920,E2
시,님의 침묵,님의 침묵/인과율,한용운,,1926,1920,E2
시,님의 침묵,님의 침묵/자유정조,한용운,,1926,1920,E2
시,님의 침묵,님의 침묵/잠 없는 꿈,한용운,,1926,1920,E2
시,님의 침묵,님의 침묵/잠꼬대,한용운,,1926,1920,E2
시,님의 침묵,님의 침묵/정천한해,한용운,,1926,1920,E2
시,님의 침묵,님의 침묵/진주,한용운,,1926,1920,E2
시,님의 침묵,님의 침묵/차라리,한용운,,1926,1920,E2
시,님의 침묵,님의 침묵/착인,한용운,,1926,1920,E2
시,님의 침묵,님의 침묵/찬송,한용운,,1926,1920,E2
시,님의 침묵,님의 침묵/참말인가요,한용운,,1926,1920,E2
시,님의 침묵,님의 침묵/참아 주셔요,한용운,,1926,1920,E2
시,님의 침묵,님의 침묵/첫 키스,한용운,,1926,1920,E2
시,님의 침묵,님의 침묵/最初의 님,한용운,,1926,1920,E2
시,님의 침묵,님의 침묵/칠석,한용운,,1926,1920,E2
시,님의 침묵,님의 침묵/쾌락,한용운,,1926,1920,E2
시,님의 침묵,님의 침묵/타골의 시(GARDENISTO)를 읽고,한용운,,1926,1920,E2
시,님의 침묵,님의 침묵/포도주,한용운,,1926,1920,E2
시,님의 침묵,님의 침묵/하나가 되어주셔요,한용운,,1926,1920,E2
시,님의 침묵,님의 침묵/해당화,한용운,,1926,1920,E2
시,님의 침묵,님의 침묵/행복,한용운,,1926,1920,E2
시,님의 침묵,님의 침묵/후회,한용운,,1926,1920,E2
수필,壇君論[단군론],단군론,최남선,,1926,1920,E2
시,달밤,달밤,이상화,,1926,1920,E2
소설,담요,담요,최서해,,1926,1920,E2
추도사,"大行哀辭
 울려해도다시는잇지못할이섧음",대행애사,정인보,,1926,1920,E2
시,돈과 밥과 밤과 돌,돈과 밥과 밤과 돌,김소월,,1926,1920,E2
소설,동정 (현진건),동정 (현진건),현진건,,1926,1920,E2
소설,마음을 갈아먹는 사람,마음을 갈아먹는 사람,조명희,,1926,1920,E2
소설,마의태자(麻衣太子)상편/1. 허두,마의태자/제1장,이광수,,1926,1920,E2
소설,만두,만두,최서해,,1926,1920,E2
소설,미치광이,미치광이,최서해,,1926,1920,E2
시,바닷가의 밤,바닷가의 밤,김소월,,1926,1920,E2
소설,백금,백금,최서해,,1926,1920,E2
시,봄 못,봄 못,김소월,,1926,1920,E2
시,봄하늘에 눈물이 돌다,봄하늘에 눈물이 돌다,이장희,,1926,1920,E2
시,빼앗긴 들에도 봄은 오는가,빼앗긴 들에도 봄은 오는가,이상화,,1926,1920,E2
시,사랑하는 까닭,사랑하는 까닭,한용운,,1926,1920,E2
소설,사립 정신병원장,사립 정신병원장,현진건,,1926,1920,E2
노래,사(死)의 찬미(讚美),사의 찬미,윤심덕,,1926,1920,E2
동화,시골쥐 서울 구경,시골쥐 서울 구경,방정환,어린이,1926,1920,E2
수필,아시조선,아시조선,최남선,,1926,1920,E2
동화,욕심쟁이 땅차지,욕심쟁이 땅차지,방정환,어린이,1926,1920,E2
시,인과율,인과율,한용운,,1926,1920,E2
소설,저기압,저기압,조명희,조선지광61,1926,1920,E2
수필,조선 역사 그대로의 반영인 조선미술의 윤곽,조선 역사 그대로의 반영인 조선미술의 윤곽,김복진,개벽,1926,1920,E2
평론,조선혼과 현대정신의 파악,조선혼과 현대정신의 파악,현진건,개벽,1926,1920,E2
시,지구 흑점의 노래,지구 흑점의 노래,이상화,,1926,1920,E2
소설,지형근,지형근,나도향,조선문단,1926,1920,E2
소설,쫓기어 가는 이들,쫓기어 가는 이들,이익상,개벽,1926,1920,E2
시,통곡,통곡,이상화,개벽,1926,1920,E2
시,파란비,파란비,이상화,,1926,1920,E2
시,하일소경,하일소경,이장희,,1926,1920,E2
소설,해돋이,해돋이,최서해,신민,1926,1920,E2
소설,호랑이 형님,호랑이 형님,방정환,어린이,1926,1920,E2
시,흘러가는 물이라 맘이 물이면,흘러가는 물이라 맘이 물이면,김소월,,1926,1920,E2
소설,R군에게,R군에게,조명희,,1926,1920,E2
시,겨울의 모경,겨울의 모경,이장희,,1927,1920,E2
소설,그믐달 (이익상),그믐달 (이익상),이익상,,1927,1920,E2
소설,낙동강,낙동강,조명희,,1927,1920,E2
소설,농촌 사람들,농촌 사람들,조명희,,1927,1920,E2
소설,"딸의 업을 이으려
 어떤 부인 기자의 수기",딸의 업을 이으려,김동인,,1927,1920,E2
소설,마의태자(麻衣太子)상편/2. 국상,마의태자/제2장,이광수,,1927,1920,E2
소설,만년 셔츠,만년 셔츠,방정환,,1927,1920,E2
소설,명화 리듸아,명화 리듸아,김동인,,1927,1920,E2
칼럼,"百八煩惱批評에對하야
 薇蘇山人",백팔번뇌 비평에 대하야,정인보,,1927,1920,E2
시,봄철의 바다,봄철의 바다,이장희,,1927,1920,E2
수필,시끄러운 세상,시끄러운 세상,홍난파,문예시대,1927,1920,E2
금석문,언더우드 박사 동상에,언더우드 박사 동상에,정인보,,1927,1920,E2
수필,영혼에 관한 지식의 고금,영혼에 관한 지식의 고금,김교신,성서조선,1927,1920,E2
소설,인쇄한 러브레터,인쇄한 러브레터,권환,,1927,1920,E2
소설,전아사,전아사,최서해,동광,1927,1920,E2
소설,주리면... -- 어떤 생활의 단편,주리면,이효석,청년,1927,1920,E2
소설,최서방,최서방,계용묵,조선문단,1927,1920,E2
시,팔벼개,팔벼개 노래,김소월,,1927,1920,E2
소설,해 뜨는 지평선,해 뜨는 지평선,현진건,조선문단,1927,1920,E2
소설,홍염,홍염,최서해,조선문단,1927,1920,E2
소설,"갈등(葛藤)
 모 지식계급의 수기",갈등,최서해,,1928,1920,E2
소설,나의 어머니,나의 어머니,백신애,,1928,1920,E2
소설,단종애사(端宗哀史),단종애사/제1편,이광수,,1928,1920,E2
소설,단종애사(端宗哀史),단종애사/제2편,이광수,,1928,1920,E2
소설,단종애사(端宗哀史),단종애사/제3편,이광수,,1928,1920,E2
소설,단종애사(端宗哀史),단종애사/제4편,이광수,,1928,1920,E2
소설,도시와 유령,도시와 유령,이효석,,1928,1920,E2
소설,마의태자(麻衣太子)상편/3. 아버지,마의태자/제3장,이광수,,1928,1920,E2
수필,병창어,병창어,이광수,,1928,1920,E2
시,오다 가다,오다 가다,김억,,1928,1920,E2
소설,용과 용의 대격전,용과 용의 대격전,신채호,,1928,1920,E2
소설,이쁜이와 용이,이쁜이와 용이,조명희,동아일보,1928,1920,E2
시,저무는 놀안에서,저무는 놀안에서,이상화,,1928,1920,E2
수필,조선은 메나리 나라,조선은 메나리 나라,홍사용,,1928,1920,E2
소설,가상의 불량소녀,가상의 불량소녀,이익상,,1929,1920,E2
평론,같잖은 소설로 문제,같잖은 소설로 문제,현진건,,1929,1920,E2
수필,고도 순례 ― 경주,고도 순례 ― 경주,현진건,,1929,1920,E2
시,곡자사,곡자사,이상화,,1929,1920,E2
소설,광염 소나타,광염 소나타,김동인,,1929,1920,E2
노래,기러기,기러기,홍난파,,1929,1920,E2
소설,기우,기우,이효석,,1929,1920,E2
시,길차부,길차부,김소월,,1929,1920,E2
동화,꼬부랑 할머니,꼬부랑 할머니,방정환,,1929,1920,E2
노래,노래를 불러주오,노래를 불러주오,홍난파,,1929,1920,E2
시,눈 내리는 날,눈 내리는 날,이장희,,1929,1920,E2
소설,"눈보라
 동업자",눈보라,김동인,,1929,1920,E2
소설,마의태자(麻衣太子)상편/4. 수리재,마의태자/제4장,이광수,,1929,1920,E2
소설,먼동이 틀 때,먼동이 틀 때,최서해,,1929,1920,E2
소설,무명초,무명초,최서해,,1929,1920,E2
시,버레우는 소리,버레우는 소리,이장희,,1929,1920,E2
노래,병정나팔,병정나팔,홍난파,,1929,1920,E2
시,봉선화,봉선화,이장희,,1929,1920,E2
소설,북국점경,북국점경,이효석,,1929,1920,E2
시,우리 오빠와 화로,우리 오빠와 화로,임화,,1929,1920,E2
시,이 꼴이 되다니,이 꼴이 되다니,권환,무산자,1929,1920,E2
시,이대로 가랴마는,이대로 가랴마는,박용철,,1929,1920,E2
소설,인두지주,인두지주,계용묵,,1929,1920,E2
시,자연송,자연송/봄,황석우,,1929,1920,E2
시,자연송,자연송/불의 우주,황석우,,1929,1920,E2
소설,정조와 약가,정조와 약가,현진건,,1929,1920,E2
수필,청춘예찬,청춘예찬,민태원,별건곤,1929,1920,E2
소설,태평행,태평행,김동인,중외일보,1929,1920,E2
소설,행진곡,행진곡,이효석,,1929,1920,E2
소설,황원행,황원행,현진건,동아일보,1929,1920,E2
소설,K 박사의 연구,K박사의 연구,김동인,,1929,1920,E2
소설,12월 12일,12월 12일,이상,,1930,1930,E2
시,가랴거든 가거라-우리 진영 안에 있는 소(小)부르조아지에게 주는 노래,가랴거든 가거라,권한,,1930,1930,E2
소설,구두,구두,김동인,,1930,1930,E2
소설,깨뜨려지는 홍등(紅燈),깨뜨려지는 홍등,이효석,,1930,1930,E2
소설,노령근해(露領近海),노령근해,이효석,,1930,1930,E2
소설,다복(多福)한 베드로,다복한 베드로,김교신,,1930,1930,E2
수필,대구 사회 단체,대구 사회 단체,이육사,,1930,1930,E2
시,대구 행진곡,대구 행진곡,이상화,,1930,1930,E2
소설,대동강은 속삭인다,대동강은 속삭인다,김동인,,1930,1930,E2
시,떠나가는 배,떠나가는 배,박용철,,1930,1930,E2
소설,마의태자(麻衣太子)상편/5. 원수,마의태자/제5장,이광수,,1930,1930,E2
소설,마작철학,마작철학,이효석,,1930,1930,E2
시,말,말,이육사,,1930,1930,E2
시,머리를 땅까지 숙일 때까지,머리를 땅까지 숙일 때까지,권환,,1930,1930,E2
소설,무능자의 아내,무능자의 안해,김동인,,1930,1930,E2
소설,배회,배회,김동인,,1930,1930,E2
소설,벗기운 대금업자,벗기운 대금업자,김동인,,1930,1930,E2
시,봄바람,봄바람,김억,,1930,1930,E2
소설,북국사신(北國私信),북국사신,이효석,,1930,1930,E2
소설,상륙,상륙,이효석,,1930,1930,E2
수필,上海[상해] 이일 저일,상해 이일 저일,이광수,,1930,1930,E2
시,싸늘한 이마,싸늘한 이마,박용철,시문학,1930,1930,E2
소설,아리사 버들,아리사 버들,김동인,,1930,1930,E2
소설,약령기,약령기,이효석,삼거리,1930,1930,E2
수필,없는 이의 행복,없는 이의 행복,방정환,,1930,1930,E2
소설,젊은 그들,젊은 그들,김동인,동아일보,1930,1930,E2
수필,조선여성들의 밟을 길,조선여성들의 밟을 길,강경애,,1930,1930,E2
소설,죄와 벌,죄와 벌 (김동인),김동인,,1930,1930,E2
소설,추억,추억,이효석,,1930,1930,E2
수필,파리에서 본 것 늣긴 것,파리에서 본 것 늣긴 것,나혜석,대조,1930,1930,E2
소설,화환,화환,김동인,,1930,1930,E2
시,▽의 유희,▽의 유희,이상,,1931,1930,E2
소설,거지,거지,김동인,,1931,1930,E2
소설,결혼식,결혼식,김동인,,1931,1930,E2
수필,결혼제도 없는 사회,결혼제도 없는 사회,현진건,,1931,1930,E2
시,공복,공복,이상,,1931,1930,E2
소설,공장신문,공장신문,김남천,,1931,1930,E2
소설,기생집 문 앞에서 맴돌이하던 이야기,기생집 문 앞에서 맴돌이하던 이야기,채만식,,1931,1930,E2
소설,마의태자(麻衣太子)상편/6. 태백산,마의태자/제6장,이광수,,1931,1930,E2
소설,"무명씨전無名氏傳(무명씨전)
 A의 略歷(약역)",무명씨전,이광수,,1931,1930,E2
칼럼,"민족적수치
 채무에 시달린 충무공묘소",민족적수치,정인보,,1931,1930,E2
소설,박첨지의 죽음,박첨지의 죽음,김동인,,1931,1930,E2
시,반달과 소녀,반달과 소녀,한용운,,1931,1930,E2
시,산촌의 여름 저녁,산촌의 여름 저녁,한용운,,1931,1930,E2
소설,선풍시대,선풍시대/10장,한인택,조선일보,1931,1930,E2
소설,선풍시대,선풍시대/11장,한인택,조선일보,1931,1930,E2
소설,선풍시대,선풍시대/12장,한인택,조선일보,1931,1930,E2
소설,선풍시대,선풍시대/13장,한인택,조선일보,1931,1930,E2
소설,선풍시대,선풍시대/14장,한인택,조선일보,1931,1930,E2
소설,선풍시대,선풍시대/15장,한인택,조선일보,1931,1930,E2
소설,선풍시대,선풍시대/16장,한인택,조선일보,1931,1930,E2
소설,선풍시대,선풍시대/17장,한인택,조선일보,1931,1930,E2
소설,선풍시대,선풍시대/18장,한인택,조선일보,1931,1930,E2
소설,선풍시대,선풍시대/19장,한인택,조선일보,1931,1930,E2
소설,선풍시대,선풍시대/1장,한인택,조선일보,1931,1930,E2
소설,선풍시대,선풍시대/20장,한인택,조선일보,1931,1930,E2
소설,선풍시대,선풍시대/21장,한인택,조선일보,1931,1930,E2
소설,선풍시대,선풍시대/2장,한인택,조선일보,1931,1930,E2
소설,선풍시대,선풍시대/3장,한인택,조선일보,1931,1930,E2
소설,선풍시대,선풍시대/4장,한인택,조선일보,1931,1930,E2
소설,선풍시대,선풍시대/5장,한인택,조선일보,1931,1930,E2
소설,선풍시대,선풍시대/6장,한인택,조선일보,1931,1930,E2
소설,선풍시대,선풍시대/7장,한인택,조선일보,1931,1930,E2
소설,선풍시대,선풍시대/8장,한인택,조선일보,1931,1930,E2
소설,선풍시대,선풍시대/9장,한인택,조선일보,1931,1930,E2
시,수염,수염,이상,조선과 거축,1931,1930,E2
평론,양주동 군의 신춘평론,양주동 군의 신춘평론 - 반박을 위한 반박,강경애,,1931,1930,E2
시,어디로,어디로,박용철,,1931,1930,E2
소설,어머니와 딸,어머니와 딸 (강경애),강경애,혜성,1931,1930,E2
소설,여인담,여인담,김동인,,1931,1930,E2
소설,연애의 청산,연애의 청산,현진건,신동아,1931,1930,E2
소설,오리온과 임금,오리온과 능금,이효석,,1931,1930,E2
시,오빠의 편지 회답,오빠의 편지 회답,강경애,,1931,1930,E2
소설,오후의 해조,오후의 해조,이효석,,1931,1930,E2
수필,유모레스크,유모레스크,홍난파,조선일보,1931,1930,E2
시,이상한 가역반응,이상한 가역반응,이상,조선과 건축,1931,1930,E2
소설,이순신,이순신,이광수,,1931,1930,E2
칼럼,이충무공 묘산경매문제,이충무공 묘산경매문제,정인보,,1931,1930,E2
시,조감도,조감도,이상,조선과건축,1931,1930,E2
소설,파금,파금,강경애,조선일보,1931,1930,E2
시,파편의 경치,파편의 경치,이상,조선과 건축,1931,1930,E2
소설,프레류드,프레류드,이효석,,1931,1930,E2
소설,휴업과 사정,휴업과 사정,이상,조선,1931,1930,E2
시,BOITEUX BOITEUSE,BOITEUX BOITEUSE,이상,,1931,1930,E2
소설,"간도를 등지면서, 간도야 잘 있거라",간도를 등지면서,강경애,,1932,1930,E2
시,건축무한육면각체,건축무한육면각체/열하약도 No.2(미정고),이상,,1932,1930,E2
시,건축무한육면각체,건축무한육면각체/이십이년,이상,,1932,1930,E2
시,건축무한육면각체,건축무한육면각체/진 단 0 : 1,이상,,1932,1930,E2
시,건축무한육면각체,건축무한육면각체/진 서─어떤ESQUISSE─,이상,,1932,1930,E2
시,건축무한육면각체,건축무한육면각체/차8씨의출발,이상,,1932,1930,E2
시,건축무한육면각체,건축무한육면각체/출판법,이상,,1932,1930,E2
시,건축무한육면각체,건축무한육면각체/AU MAGASIN DE NOUVEAUTES,이상,,1932,1930,E2
시,고향 (정지용),고향 (정지용),정지용,,1932,1930,E2
소설,그 여자,그 여자,강경애,,1932,1930,E2
소설,꽃송이같은 첫 눈,꽃송이같은 첫 눈,강경애,,1932,1930,E2
소설,나의 辨明[변명]―『발가락이 닮았다』에 대하여,나의 변명-발가락이 닮았다에 대하여,김동인,,1932,1930,E2
소설,論介(논개)의 還生(환생),논개의 환생,김동인,,1932,1930,E2
소설,마의태자(麻衣太子)상편/7. 백의 국선,마의태자/제7장,이광수,,1932,1930,E2
소설,발가락이 닮았다,발가락이 닮았다,김동인,,1932,1930,E2
소설,붉은 산,붉은 산,김동인,,1932,1930,E2
소설,사기사,사기사,김동인,,1932,1930,E2
시,예지,예지,이상화,,1932,1930,E2
수필,이십세의 야망가,이십세의 야망가,김동인,,1932,1930,E2
소설,잡초,잡초,김동인,,1932,1930,E2
소설,적막한 저녁,적막한 저녁,김동인,,1932,1930,E2
소설,지도의 암실,지도의 암실,이상,,1932,1930,E2
시,참된 어머니가 되어 주소서,참된 어머니가 되어 주소서,강경애,신여성,1932,1930,E2
시,초 한 대,초 한 대,윤동주,,1932,1930,E2
소설,흙,흙/제1장,이광수,,1932,1930,E2
소설,흙,흙/제2장,이광수,,1932,1930,E2
소설,흙,흙/제3장,이광수,,1932,1930,E2
소설,흙,흙/제4장,이광수,,1932,1930,E2
소설,흙,흙/제5장,이광수,,1932,1930,E2
시,"1933, 6, 1","1933, 6, 1",이상,,1933,1930,E2
시,가구의 추위,가구의 추위,이상,,1933,1930,E2
소설,간도의 봄,간도의 봄,강경애,,1933,1930,E2
시,거울,거울,이상,,1933,1930,E2
시,郊外의江邊,교외의 강변,오장환,,1933,1930,E2
소설,"그들의 兄弟
 探偵小說",그들의 형제,오장환,,1933,1930,E2
시,꽃나무,꽃나무,이상,,1933,1930,E2
수필,나의 유년시절(幼年時節),나의 유년 시절,강경애,,1933,1930,E2
시,독백 (이효석),독백 (이효석),이효석,,1933,1930,E2
소설,마의태자(麻衣太子)상편/8. 징조,마의태자/제8장,이광수,,1933,1930,E2
소설,목화와 콩,목화와 콩,권환,,1933,1930,E2
소설,물,물,김남천,,1933,1930,E2
시,병상일기,병상일기,오장환,,1933,1930,E2
소설,부자(父子),부자,강경애,,1933,1930,E2
소설,산골 나그네,산골 나그네,김유정,,1933,1930,E2
시,아츰,아침,오장환,휘문,1933,1930,E2
수필,여름 밤 농촌의 풍경 점점,여름 밤 농촌의 풍경 점점,강경애,신가정,1933,1930,E2
소설,운현궁의 봄,운현궁의 봄/제10장,김동인,,1933,1930,E2
소설,운현궁의 봄,운현궁의 봄/제11장,김동인,,1933,1930,E2
소설,운현궁의 봄,운현궁의 봄/제12장,김동인,,1933,1930,E2
소설,운현궁의 봄,운현궁의 봄/제13장,김동인,,1933,1930,E2
소설,운현궁의 봄,운현궁의 봄/제14장,김동인,,1933,1930,E2
소설,운현궁의 봄,운현궁의 봄/제15장,김동인,,1933,1930,E2
소설,운현궁의 봄,운현궁의 봄/제16장,김동인,,1933,1930,E2
소설,운현궁의 봄,운현궁의 봄/제17장,김동인,,1933,1930,E2
소설,운현궁의 봄,운현궁의 봄/제18장,김동인,,1933,1930,E2
소설,운현궁의 봄,운현궁의 봄/제19장,김동인,,1933,1930,E2
소설,운현궁의 봄,운현궁의 봄/제1장,김동인,,1933,1930,E2
소설,운현궁의 봄,운현궁의 봄/제20장,김동인,,1933,1930,E2
소설,운현궁의 봄,운현궁의 봄/제21장,김동인,,1933,1930,E2
소설,운현궁의 봄,운현궁의 봄/제22장,김동인,,1933,1930,E2
소설,운현궁의 봄,운현궁의 봄/제23장,김동인,,1933,1930,E2
소설,운현궁의 봄,운현궁의 봄/제24장,김동인,,1933,1930,E2
소설,운현궁의 봄,운현궁의 봄/제25장,김동인,,1933,1930,E2
소설,운현궁의 봄,운현궁의 봄/제2장,김동인,,1933,1930,E2
소설,운현궁의 봄,운현궁의 봄/제3장,김동인,,1933,1930,E2
소설,운현궁의 봄,운현궁의 봄/제4장,김동인,,1933,1930,E2
소설,운현궁의 봄,운현궁의 봄/제5장,김동인,,1933,1930,E2
소설,운현궁의 봄,운현궁의 봄/제6장,김동인,,1933,1930,E2
소설,운현궁의 봄,운현궁의 봄/제7장,김동인,,1933,1930,E2
소설,운현궁의 봄,운현궁의 봄/제8장,김동인,,1933,1930,E2
소설,운현궁의 봄,운현궁의 봄/제9장,김동인,,1933,1930,E2
수필,원고 첫낭독,원고 첫 낭독,강경애,신가정,1933,1930,E2
소설,월시금,월시금,강경애,,1933,1930,E2
시,이런 시,이런 시,이상,가톨릭청년,1933,1930,E2
수필,이역의 달밤,이역의 달밤,강경애,,1933,1930,E2
추도사,이찬숙애사,이찬숙애사,정인보,동아일보,1933,1930,E2
소설,인형의 집을 나와서,인형의 집을 나와서/10장,채만식,,1933,1930,E2
소설,인형의 집을 나와서,인형의 집을 나와서/11장,채만식,,1933,1930,E2
소설,인형의 집을 나와서,인형의 집을 나와서/12장,채만식,,1933,1930,E2
소설,인형의 집을 나와서,인형의 집을 나와서/13장,채만식,,1933,1930,E2
소설,인형의 집을 나와서,인형의 집을 나와서/14장,채만식,,1933,1930,E2
소설,인형의 집을 나와서,인형의 집을 나와서/1장,채만식,,1933,1930,E2
소설,인형의 집을 나와서,인형의 집을 나와서/2장,채만식,,1933,1930,E2
소설,인형의 집을 나와서,인형의 집을 나와서/3장,채만식,,1933,1930,E2
소설,인형의 집을 나와서,인형의 집을 나와서/4장,채만식,,1933,1930,E2
소설,인형의 집을 나와서,인형의 집을 나와서/5장,채만식,,1933,1930,E2
소설,인형의 집을 나와서,인형의 집을 나와서/6장,채만식,,1933,1930,E2
소설,인형의 집을 나와서,인형의 집을 나와서/7장,채만식,,1933,1930,E2
소설,인형의 집을 나와서,인형의 집을 나와서/8장,채만식,,1933,1930,E2
소설,인형의 집을 나와서,인형의 집을 나와서/9장,채만식,,1933,1930,E2
수필,작품 발표 연주에 대한 이승학씨의 평을 읽고,작품 발표 연주에 대한 이승학씨의 평을 읽고,홍난파,조선일보,1933,1930,E2
소설,적도,적도,현진건,동아일보,1933,1930,E2
소설,채전,채전,강경애,신가정,1933,1930,E2
소설,총각과 맹꽁이,총각과 맹꽁이,김유정,,1933,1930,E2
소설,축구전,축구전,강경애,신가정,1933,1930,E2
수필,커다란 문제 하나,커다란 문제 하나,강경애,신여성,1933,1930,E2
시,화염,화염,오장환,휘문,1933,1930,E2
시,황혼,황혼,이육사,신조선,1933,1930,E2
수필,3천여명의 박수소리-폴란드 기근 구제 음악회,3천여명의 박수소리-폴란드 기근 구제 음악회,홍난파,,1934,1930,E2
소설,간도,간도,강경애,,1934,1930,E2
시,건강한 잠,건강한 잠,김소월,,1934,1930,E2
시,고락,고락,김소월,,1934,1930,E2
시,고향 (김소월),고향 (김소월),김소월,,1934,1930,E2
소설,"다정하고 실질적인 프랑스 부인
 구미 부인의 가정 생활",구미 부인의 가정생활,나혜석,,1934,1930,E2
수필,국제 무역 주의의 동향,국제 무역 주의의 동향,이활(이육사),,1934,1930,E2
소설,그 여자의 일생,그 여자의 일생/방랑편,이광수,,1934,1930,E2
소설,그 여자의 일생,그 여자의 일생/서문,이광수,,1934,1930,E2
소설,그 여자의 일생,그 여자의 일생/연애편,이광수,,1934,1930,E2
소설,그 여자의 일생,그 여자의 일생/참회편,이광수,,1934,1930,E2
소설,그 여자의 일생,그 여자의 일생/처녀편,이광수,,1934,1930,E2
소설,그 여자의 일생,그 여자의 일생/혼인편,이광수,,1934,1930,E2
소설,그 여자의 일생,그 여자의 일생/회광편,이광수,,1934,1930,E2
소설,"近代小說[근대소설]의 勝利[승리]
 小說[소설]에 대한 槪念[개념]을 말함",근대소설의 승리,김동인,,1934,1930,E2
시,기분전환,기분전환,김소월,,1934,1930,E2
시,기원,기원,김소월,,1934,1930,E2
시,기회,기회,김소월,,1934,1930,E2
소설,꺼래이,꺼래이,백신애,,1934,1930,E2
시,남으로 창을 내겠소,남으로 창을 내겠소,김상용,,1934,1930,E2
시,돈타령,돈타령,김소월,,1934,1930,E2
소설,동정 (강경애),동정 (강경애),강경애,,1934,1930,E2
수필,두만강 예찬,두만강 예찬,강경애,,1934,1930,E2
소설,마음의 의장,마음의 의장,이효석,,1934,1930,E2
소설,마의태자(麻衣太子)상편/9. 풍운,마의태자/제9장,이광수,,1934,1930,E2
수필,亡하면 亡하리라,망하면 망하리라,김교신,,1934,1930,E2
수필,모과수 30통,모과수 30통,홍난파,,1934,1930,E2
소설,蒙喪錄[몽상록],몽상록,김동인,,1934,1930,E2
소설,보은단 유래(報恩緞由來),보은단 유래,윤백남,,1934,1930,E2
시,보통기념,보통기념,이상,,1934,1930,E2
소설,寫眞[사진]과 便紙[편지],사진과 편지,김동인,,1934,1930,E2
시,삶과 죽음,삶과 죽음,윤동주,,1934,1930,E2
시,삼수갑산 - 차안서삼갑산운,삼수갑산 - 차안서삼갑산운,김소월,,1934,1930,E2
시,소영위제,소영위제,이상,중앙,1934,1930,E2
소설,약한 자의 슬픔,약한 자의 슬픔,김동인,창조,1934,1930,E2
수필,여인 독거기,여인 독거기,나혜석,,1934,1930,E2
시,오감도,오감도,이상,조선중앙일보,1934,1930,E2
시,오늘 문득,오늘의 문득,강경애,신가정,1934,1930,E2
소설,유무,유무,강경애,신가정,1934,1930,E2
수필,이혼 고백서 속,이혼 고백서,나혜석,삼천리,1934,1930,E2
수필,이혼 고백장,이혼고백장,나혜석,삼천리,1934,1930,E2
소설,인간문제,인간문제,강경애,,1934,1930,E2
소설,일기,일기,이효석,,1934,1930,E2
수필,자연 과학과 유물 변증법,자연 과학과 유물 변증법,이육사,대중,1934,1930,E2
소설,적빈,적빈,백신애,,1934,1930,E2
수필,중 전회를 앞두고 외분 내열의 중국 정세,중 전회를 앞두고 외분 내열의 중국 정세,이육사,,1934,1930,E2
소설,지팽이 역사,지팽이 역사,이상,매신,1934,1930,E2
소설,직녀성,직녀성/제10장,심훈,,1934,1930,E2
소설,직녀성,직녀성/제11장,심훈,,1934,1930,E2
소설,직녀성,직녀성/제12장,심훈,,1934,1930,E2
소설,직녀성,직녀성/제13장,심훈,,1934,1930,E2
소설,직녀성,직녀성/제14장,심훈,,1934,1930,E2
소설,직녀성,직녀성/제15장,심훈,,1934,1930,E2
소설,직녀성,직녀성/제16장,심훈,,1934,1930,E2
소설,직녀성,직녀성/제17장,심훈,,1934,1930,E2
소설,직녀성,직녀성/제18장,심훈,,1934,1930,E2
소설,직녀성,직녀성/제19장,심훈,,1934,1930,E2
소설,직녀성,직녀성/제1장,심훈,,1934,1930,E2
소설,직녀성,직녀성/제20장,심훈,,1934,1930,E2
소설,직녀성,직녀성/제21장,심훈,,1934,1930,E2
소설,직녀성,직녀성/제22장,심훈,,1934,1930,E2
소설,직녀성,직녀성/제23장,심훈,,1934,1930,E2
소설,직녀성,직녀성/제24장,심훈,,1934,1930,E2
소설,직녀성,직녀성/제25장,심훈,,1934,1930,E2
소설,직녀성,직녀성/제2장,심훈,,1934,1930,E2
소설,직녀성,직녀성/제3장,심훈,,1934,1930,E2
소설,직녀성,직녀성/제4장,심훈,,1934,1930,E2
소설,직녀성,직녀성/제5장,심훈,,1934,1930,E2
소설,직녀성,직녀성/제6장,심훈,,1934,1930,E2
소설,직녀성,직녀성/제7장,심훈,,1934,1930,E2
소설,직녀성,직녀성/제8장,심훈,,1934,1930,E2
소설,직녀성,직녀성/제9장,심훈,,1934,1930,E2
수필,창공에 그리는 마음,창공에 그리는 마음,이육사,,1934,1930,E2
소설,최선생,최선생,김동인,,1934,1930,E2
수필,파인 김동환 님에게,파인 김동환 님에게,김소월,,1934,1930,E2
수필,포플라나무 예찬,포플라나무 예찬,김교신,,1934,1930,E2
수필,표모의 마음,표모의 마음,강경애,신가정,1934,1930,E2
수필,혈서삼태,혈서삼태,이상,신여성,1934,1930,E2
소설,B녀의 소묘(素描),B녀의 소묘,이무영,,1934,1930,E2
시,가장 비통한 기원,가장 비통한 기원,이상화,,1935,1930,E2
소설,계절,계절,이효석,,1935,1930,E2
소설,고향의 창공,고향의 창공,강경애,,1935,1930,E2
소설,광화사(狂畵師),광화사,김동인,,1935,1930,E2
시,극단,극단,기상도,,1935,1930,E2
소설,금,금,김유정,,1935,1930,E2
소설,금 따는 콩밭,금 따는 콩밭,김유정,,1935,1930,E2
시,나는 해를 먹다,나는 해를 먹다,이상화,,1935,1930,E2
소설,노다지,노다지,김유정,,1935,1930,E2
수필,등산,등산,김상용,,1935,1930,E2
소설,떡,떡,김유정,,1935,1930,E2
시,마음의 단편,마음의 단편,함형수,,1935,1930,E2
소설,마의태자(麻衣太子)상편/10. 사랑과 원수,마의태자/제10장,이광수,,1935,1930,E2
소설,만무방,만무방,김유정,,1935,1930,E2
소설,망부석(望夫石),망부석,김규택,,1935,1930,E2
소설,모자(母子),모자,강경애,,1935,1930,E2
소설,백치 아다다,백치 아다다,계용묵,,1935,1930,E2
소설,번뇌(煩惱),번뇌,강경애,,1935,1930,E2
시,사개 틀린 고풍의 툇마루에,사개 틀린 고풍의 툇마루에,김영랑,,1935,1930,E2
시,사공의 아내,사공의 아내,김억,시원,1935,1930,E2
시,사랑은 깊으기 푸른 하늘,사랑은 깊으기 푸른 하늘,김영랑,,1935,1930,E2
소설,산골,산골,김유정,,1935,1930,E2
소설,산촌여정,산촌여정,이상,,1935,1930,E2
소설,소낙비,소낙비,김유정,,1935,1930,E2
시,소악마,소악마,박용철,,1935,1930,E2
소설,안해,아내,김유정,사해공론,1935,1930,E2
수필,어촌점묘,어촌점묘,강경애,조선중앙일보,1935,1930,E2
시,역천,역천,이상화,,1935,1930,E2
소설,원고료 이백원,원고료 이백원,강경애,신가정,1935,1930,E2
수필,위기에 임한 중국 정국의 전망,위기에 임한 중국 정국의 전망,이육사,개벽,1935,1930,E2
시,이 땅의 봄,이땅의 봄,강경애,북향,1935,1930,E2
소설,이차돈의 사,이차돈의 사,이광수,,1935,1930,E2
수필,잎이 푸르러 가시던 님이,잎이 푸르러 가시던 님이,김유정,,1935,1930,E2
수필,장혁주 선생에게,장혁주 선생에게,강경애,신동아,1935,1930,E2
시,정식,정식,이상,가톨릭청년,1935,1930,E2
소설,좌평 성충,좌평 성충,김동인,,1935,1930,E2
수필,중국 청방 비사 소고,중국 청방 비사 소고,이육사,,1935,1930,E2
시,지비(紙婢),지비(紙婢),이상,중앙일보,1935,1930,E2
시,춘수삼제,춘수삼제,이육사,신조선,1935,1930,E2
소설,해고,해고,강경애,신동아,1935,1930,E2
시,갈릴레아 바다,향수/갈릴레아 바다,정지용,,1935,1930,E2
시,갈매기,향수/갈매기,정지용,,1935,1930,E2
시,갑판 위,향수/갑판 위,정지용,,1935,1930,E2
시,겨울,향수/겨울,정지용,,1935,1930,E2
시,고향,향수/고향,정지용,,1935,1930,E2
시,귀로,향수/귀로,정지용,,1935,1930,E2
시,그의 반,향수/그의 반,정지용,,1935,1930,E2
시,기차,향수/기차,정지용,,1935,1930,E2
시,나무,향수/나무,정지용,,1935,1930,E2
시,난초,향수/난초,정지용,,1935,1930,E2
시,내 맘에 맞는 이,향수/내 맘에 맞는 이,정지용,,1935,1930,E2
시,다른 한울,향수/다른 한울,정지용,,1935,1930,E2
시,다시 해협,향수/다시 해협,정지용,,1935,1930,E2
시,다알리아,향수/다알리아,정지용,,1935,1930,E2
시,달,향수/달,정지용,,1935,1930,E2
시,딸레,향수/딸레,정지용,,1935,1930,E2
시,또 하나 다른 태양,향수/또 하나 다른 태양,정지용,,1935,1930,E2
시,띠,향수/띠,정지용,,1935,1930,E2
시,람프,향수/람프,정지용,,1935,1930,E2
시,말,향수/말,정지용,,1935,1930,E2
시,말 1,향수/말 1,정지용,,1935,1930,E2
시,말 2,향수/말 2,정지용,,1935,1930,E2
시,무서운 시계,향수/무서운 시계,정지용,,1935,1930,E2
시,무어래요,향수/무어래요,정지용,,1935,1930,E2
시,바다 3,향수/바다 3,정지용,,1935,1930,E2
시,바다 4,향수/바다 4,정지용,,1935,1930,E2
시,바다 5,향수/바다 5,정지용,,1935,1930,E2
시,바다1,향수/바다1 (2장),정지용,,1935,1930,E2
시,바다1,향수/바다1 (3장),정지용,,1935,1930,E2
시,바다2,향수/바다2 (2장),정지용,,1935,1930,E2
시,바다2,향수/바다2 (3장),정지용,,1935,1930,E2
시,바람,향수/바람,정지용,,1935,1930,E2
시,발열,향수/발열,정지용,,1935,1930,E2
시,밤,향수/밤,정지용,,1935,1930,E2
시,별,향수/별,정지용,,1935,1930,E2
시,별똥,향수/별똥,정지용,,1935,1930,E2
시,병,향수/병,정지용,,1935,1930,E2
시,봄,향수/봄,정지용,,1935,1930,E2
시,불사조,향수/불사조,정지용,,1935,1930,E2
시,비극,향수/비극,정지용,,1935,1930,E2
시,비둘기,향수/비둘기,정지용,,1935,1930,E2
시,뻣나무 열매,향수/뻣나무 열매,정지용,,1935,1930,E2
시,산너머 저쪽,향수/산너머 저쪽,정지용,,1935,1930,E2
시,산소,향수/산소,정지용,,1935,1930,E2
시,산에서 온 새,향수/산에서 온 새,정지용,,1935,1930,E2
시,산엣 색시 들녘 사내,향수/산엣 색시 들녘 사내,정지용,,1935,1930,E2
시,삼월 삼짇날,향수/삼월 삼짇날,정지용,,1935,1930,E2
시,새빨간 기관차,향수/새빨간 기관차,정지용,,1935,1930,E2
시,석류,향수/석류,정지용,,1935,1930,E2
시,선취,향수/선취,정지용,,1935,1930,E2
시,소묘(素描),향수/소묘(素描),정지용,,1935,1930,E2
시,숨기 내기,향수/숨기 내기,정지용,,1935,1930,E2
시,슬픈 기차,향수/슬픈 기차,정지용,,1935,1930,E2
시,슬픈 인상화,향수/슬픈 인상화,정지용,,1935,1930,E2
시,시계를 죽임,향수/시계를 죽임,정지용,,1935,1930,E2
시,아침,향수/아침,정지용,,1935,1930,E2
시,압천,향수/압천,정지용,,1935,1930,E2
시,엽서에 쓴 글,향수/엽서에 쓴 글,정지용,,1935,1930,E2
시,오월 소식,향수/오월 소식,정지용,,1935,1930,E2
시,유리창 1,향수/유리창 1,정지용,,1935,1930,E2
시,유리창 2,향수/유리창 2,정지용,,1935,1930,E2
시,은혜,향수/은혜,정지용,,1935,1930,E2
시,이른 봄 아침,향수/이른 봄 아침,정지용,,1935,1930,E2
시,임종,향수/임종,정지용,,1935,1930,E2
시,저녁햇살,향수/저녁햇살,정지용,,1935,1930,E2
시,절정,향수/절정,정지용,,1935,1930,E2
시,조약돌,향수/조약돌,정지용,,1935,1930,E2
시,종달새,향수/종달새,정지용,,1935,1930,E2
시,지는 해,향수/지는 해,정지용,,1935,1930,E2
시,지도,향수/지도,정지용,,1935,1930,E2
시,촉불과 손,향수/촉불과 손,정지용,,1935,1930,E2
시,카페 프란스,향수/카페 프란스,정지용,,1935,1930,E2
시,태극선,향수/태극선,정지용,,1935,1930,E2
시,풍랑몽 1,향수/풍랑몽 1,정지용,,1935,1930,E2
시,풍랑몽 2,향수/풍랑몽 2,정지용,,1935,1930,E2
시,피리,향수/피리,정지용,,1935,1930,E2
시,할아버지,향수/할아버지,정지용,,1935,1930,E2
시,해바라기 씨,향수/해바라기 씨,정지용,,1935,1930,E2
시,해협,향수/해협,정지용,,1935,1930,E2
시,향수,향수/향수,정지용,,1935,1930,E2
시,호면,향수/호면,정지용,,1935,1930,E2
시,호수 1,향수/호수 1,정지용,,1935,1930,E2
시,호수 2,향수/호수 2,정지용,,1935,1930,E2
시,홍시,향수/홍시,정지용,,1935,1930,E2
시,홍역,향수/홍역,정지용,,1935,1930,E2
시,홍춘,향수/홍춘,정지용,,1935,1930,E2
시,황마차,향수/황마차,정지용,,1935,1930,E2
수필,19세기식,19세기식,이상,,1936,1930,E2
시,가외가전,가외가전,이상,,1936,1930,E2
소설,가을 (김유정),가을 (김유정),김유정,,1936,1930,E2
시,가정,가정,이상,,1936,1930,E2
시,江[강] 배,강 배,한용운,,1936,1930,E2
소설,괴승신수(怪僧信修),괴승신수,윤백남,,1936,1930,E2
시,그날이 오면,그날이 오면/그날이 오면,심훈,,1936,1930,E2
시,그날이 오면,그날이 오면/머리말씀,심훈,,1936,1930,E2
시,그날이 오면,그날이 오면/박군의 얼굴,심훈,,1936,1930,E2
시,그날이 오면,그날이 오면/밤,심훈,,1936,1930,E2
시,그날이 오면,그날이 오면/봄의 서곡,심훈,,1936,1930,E2
시,그날이 오면,그날이 오면/어머님께,심훈,,1936,1930,E2
시,그날이 오면,"그날이 오면/오오, 조선의 남아여!",심훈,,1936,1930,E2
시,그날이 오면,그날이 오면/조선의 영웅,심훈,,1936,1930,E2
시,그날이 오면,그날이 오면/피리,심훈,,1936,1930,E2
시조,기미년(己未年),기미년,이상화,,1936,1930,E2
시,기상도/병든 풍경,기상도/병든 풍경,김기림,,1936,1930,E2
소설,길 (김기림),길 (김기림),김기림,,1936,1930,E2
시,낙화,낙화,한용운,,1936,1930,E2
소설,날개,날개,이상,,1936,1930,E2
수필,노신 추도문,노신 추도문,이육사,,1936,1930,E2
시,단상(斷想),단상,강경애,,1936,1930,E2
소설,동백꽃,동백꽃,김유정,,1936,1930,E2
소설,두꺼비 (김유정),두꺼비 (김유정),김유정,,1936,1930,E2
소설,드문 사람들,드문 사람들,이광수,,1936,1930,E2
소설,들,들,이효석,,1936,1930,E2
수필,로렐라이의 유래,로렐라이의 유래,홍난파,,1936,1930,E2
소설,마의태자(麻衣太子)상편/11. 객사,마의태자/제11장,이광수,,1936,1930,E2
소설,메밀꽃 필 무렵,메밀꽃 필 무렵,이효석,,1936,1930,E2
시,명경,명경,이상,,1936,1930,E2
시,모기,모기,한용운,,1936,1930,E2
소설,모르는 여인,모르는 여인,이광수,,1936,1930,E2
수필,목멱산하 고토에서 내 일생을 보내리라,목멱산하 고토에서 내 일생을 보내리라,홍난파,,1936,1930,E2
수필,밤이 조금만 짧았다면,밤이 조금만 짧았다면,김유정,,1936,1930,E2
소설,봄과 따라지,봄과 따라지,김유정,,1936,1930,E2
소설,봄을 맞는 우리 집 창문,봄을 맞는 우리 집 창문,강경애,,1936,1930,E2
소설,봉별기,봉별기,이상,,1936,1930,E2
수필,鳳兒[봉아]의 追憶[추억],봉아의 추억,이광수,,1936,1930,E2
소설,분녀,분녀,이효석,,1936,1930,E2
수필,"불타산 C군에게
 그리운 고향",불타산 C군에게,강경애,,1936,1930,E2
수필,"뻐꾸기와 그애
 어떤 처녀의 가엾은 죽음",뻐꾸기와 그애,이광수,,1936,1930,E2
소설,사생아(私生兒),사생아,윤기정,,1936,1930,E2
소설,산,산 (이효석),이효석,,1936,1930,E2
시,산거,산거,한용운,조선일보,1936,1930,E2
소설,산남(山男),산남,강경애,,1936,1930,E2
수필,산으로 오르라,산으로 오르라,김교신,,1936,1930,E2
소설,상록수,상록수/제10장,심훈,동아일보,1936,1930,E2
소설,상록수,상록수/제11장,심훈,동아일보,1936,1930,E2
소설,상록수,상록수/제12장,심훈,동아일보,1936,1930,E2
소설,상록수,상록수/제13장,심훈,동아일보,1936,1930,E2
소설,상록수,상록수/제14장,심훈,동아일보,1936,1930,E2
소설,상록수,상록수/제15장,심훈,동아일보,1936,1930,E2
소설,상록수,상록수/제16장,심훈,동아일보,1936,1930,E2
소설,상록수,상록수/제17장,심훈,동아일보,1936,1930,E2
소설,상록수,상록수/제1장,심훈,동아일보,1936,1930,E2
소설,상록수,상록수/제2장,심훈,동아일보,1936,1930,E2
소설,상록수,상록수/제3장,심훈,동아일보,1936,1930,E2
소설,상록수,상록수/제4장,심훈,동아일보,1936,1930,E2
소설,상록수,상록수/제5장,심훈,동아일보,1936,1930,E2
소설,상록수,상록수/제6장,심훈,동아일보,1936,1930,E2
소설,상록수,상록수/제7장,심훈,동아일보,1936,1930,E2
소설,상록수,상록수/제8장,심훈,동아일보,1936,1930,E2
소설,상록수,상록수/제9장,심훈,동아일보,1936,1930,E2
수필,서망율도,서망율도,이상,조광,1936,1930,E2
수필,시와 소설 편집후기,시와 소설 편집후기,이상,,1936,1930,E2
수필,아름다운 조선말,아름다운 조선말,이상,,1936,1930,E2
소설,야앵,야앵,김유정,조광,1936,1930,E2
시,역단,역단,이상,가톨릭청년,1936,1930,E2
소설,옥토끼,옥토끼,김유정,,1936,1930,E2
시,위독,위독,이상,조선일보,1936,1930,E2
소설,이런 음악회,이런 음악회,김유정,,1936,1930,E2
시,이별,이별 (윤동주),윤동주,,1936,1930,E2
수필,이별의 소야곡,이별의 소야곡,홍난파,,1936,1930,E2
시,이성만가,이성만가,변영로,,1936,1930,E2
소설,인간산문,인간산문,이효석,,1936,1930,E2
시,일경초,일경초,한용운,조선일보,1936,1930,E2
수필,전차가 희극을 낳아,전차가 희극을 낳아,김유정,조광,1936,1930,E2
소설,정조,정조 (김유정),김유정,조광,1936,1930,E2
시,조춘,조춘 (한용운),한용운,조선일보,1936,1930,E2
수필,죄,죄,이광수,사해 공론,1936,1930,E2
수필,중국 농촌의 협상,중국 농촌의 협상,이육사,신동아,1936,1930,E2
시,지비,지비,이상,중앙,1936,1930,E2
소설,지주회시,지주회시,이상,중앙,1936,1930,E2
시,가을은,지하실의 달/가을은,오일도,,1936,1930,E2
시,가을하늘,지하실의 달/가을하늘,오일도,,1936,1930,E2
시,검은 구름,지하실의 달/검은 구름,오일도,,1936,1930,E2
시,그믐밤(除夕),지하실의 달/그믐밤(除夕),오일도,,1936,1930,E2
시,꽃에 물을 주는 뜻은,지하실의 달/꽃에 물을 주는 뜻은,오일도,,1936,1930,E2
시,꿈,지하실의 달/꿈,오일도,,1936,1930,E2
시,내 소녀,지하실의 달/내 소녀,오일도,,1936,1930,E2
시,내연인이여 가까이 오렴,지하실의 달/내연인이여 가까이 오렴,오일도,,1936,1930,E2
시,내창이 바다에 향했기에,지하실의 달/내창이 바다에 향했기에,오일도,,1936,1930,E2
시,노랑 가랑잎,지하실의 달/노랑 가랑잎,오일도,,1936,1930,E2
시,노변의 애가,지하실의 달/노변애가,오일도,,1936,1930,E2
시,노변애가(爐邊哀歌),지하실의 달/노변애가(爐邊哀歌),오일도,,1936,1930,E2
시,누른 포도잎,지하실의 달/누른 포도잎,오일도,,1936,1930,E2
시,눈이여 어서 나려다오,지하실의 달/눈이여 어서 나려다오,오일도,,1936,1930,E2
시,눈이여! 어서 나려 다오,지하실의 달/눈이여 어서 나려다오,오일도,,1936,1930,E2
시,도요새,지하실의 달/도요새,오일도,,1936,1930,E2
시,돌팔매,지하실의 달/돌팔매,오일도,,1936,1930,E2
시,멀리 오시는 님 어이 맞으오리까,지하실의 달/멀리 오시는 님 어이 맞으오리까,오일도,,1936,1930,E2
시,물의 유혹,지하실의 달/물의 유혹,오일도,,1936,1930,E2
시,바람이 붑니다,지하실의 달/바람이 붑니다,오일도,,1936,1930,E2
시,백말(白沫),지하실의 달/백말(白沫),오일도,,1936,1930,E2
시,벽서(壁書),지하실의 달/벽서(壁書),오일도,,1936,1930,E2
시,별,지하실의 달/별,오일도,,1936,1930,E2
시,봄 아침,지하실의 달/봄 아침,오일도,,1936,1930,E2
시,봄비,지하실의 달/봄비,오일도,,1936,1930,E2
시,새해아침,지하실의 달/새해아침,오일도,,1936,1930,E2
시,송원(松園)의 밤,지하실의 달/송원(松園)의 밤,오일도,,1936,1930,E2
시,十월의 정두원,지하실의 달/十월의 정두원,오일도,,1936,1930,E2
시,아기의 눈,지하실의 달/아기의 눈,오일도,,1936,1930,E2
시,五월 화단,지하실의 달/五월 화단,오일도,,1936,1930,E2
시,올빼미,지하실의 달/올빼미,오일도,,1936,1930,E2
시,인생의 광야(曠野),지하실의 달/인생의 광야(曠野),오일도,,1936,1930,E2
시,저녁 놀,지하실의 달/저녁 놀,오일도,,1936,1930,E2
시,지하실의 달,지하실의 달/지하실의 달,오일도,,1936,1930,E2
시,찬벽壁,지하실의 달/찬벽壁,오일도,,1936,1930,E2
시,창을 남쪽으로,지하실의 달/창을 남쪽으로,오일도,,1936,1930,E2
시,코스모스 꽃,지하실의 달/코스모스 꽃,오일도,,1936,1930,E2
시,한가람 백사장에서,지하실의 달/한가람 백사장에서,오일도,,1936,1930,E2
시,해방의 거리,지하실의 달/해방의 거리,오일도,,1936,1930,E2
소설,지하촌,지하촌,강경애,조선일보,1936,1930,E2
소설,촉루,촉루,정인택,,1936,1930,E2
수필,추등잡필,추등잡필,이상,,1936,1930,E2
시,파리,파리,한용운,,1936,1930,E2
소설,불란서 가정은 얼마나 다를까,프랑스 가정은 얼마나 다를까,나혜석,삼천리,1936,1930,E2
시,한 개의 별을 노래하자,한 개의 별을 노래하자,이육사,풍림,1936,1930,E2
시,해바라기의 비명,해바라기의 비명,함형수,시인부락,1936,1930,E2
시,해촌의 석양,해촌의 석양,한용운,,1936,1930,E2
수필,EPIGRAM,EPIGRAM,이상,,1936,1930,E2
시,I WED A TOY BRIDE,I WED A TOY BRIDE,이상,,1936,1930,E2
소설,가지말게,가지말게,백신애,,1937,1930,E2
소설,거리의 목가,거리의 목가,이효석,,1937,1930,E2
수필,고 이상의 추억,고 이상의 추억,김기림,,1937,1930,E2
소설,공포의 기록,공포의 기록,이상,,1937,1930,E2
수필,권태,권태,이상,,1937,1930,E2
소설,기억에 남은 몽금포,기억에 남은 몽금포,강경애,,1937,1930,E2
소설,낙엽기,낙엽기,이효석,,1937,1930,E2
소설,남매,남매,김남천,,1937,1930,E2
수필,네가 봄이런가,네가 봄이런가,김유정,,1937,1930,E2
시,노정기,노정기,이육사,,1937,1930,E2
소설,동해,동해,이상,,1937,1930,E2
소설,따라지,따라지,김소월,,1937,1930,E2
소설,땡볕,땡볕,김유정,,1937,1930,E2
수필,리스트의 국제적 연애,리스트의 국제적 연애,홍난파,,1937,1930,E2
소설,마약,마약,강경애,,1937,1930,E2
수필,마음에 남는 풍경(風景),마음에 남는 풍경,이효석,,1937,1930,E2
소설,마의태자(麻衣太子)상편/12. 배반,마의태자/제12장,이광수,,1937,1930,E2
수필,"무희의 봄을 찾아서
 박외선(朴外仙) 양 방문기",무희의 봄을 찾아서,이육사,,1937,1930,E2
소설,병상의 생각,병상의 생각,김유정,,1937,1930,E2
시,병실,병실,김대봉,,1937,1930,E2
소설,슬픈 이야기,슬픈 이야기 (이상),이상,조광,1937,1930,E2
시,심우장,심우장,한용운,신불교,1937,1930,E2
시,써커스 걸,써커스 걸,박향림,,1937,1930,E2
소설,아씨와 안잠이,아씨와 안잠이,윤기정,조광,1937,1930,E2
소설,어둠,어둠,강경애,여성,1937,1930,E2
소설,어머니와 딸,어머니와 딸 (나혜석),나혜석,삼천리,1937,1930,E2
수필,연기,연기,김유정,창공,1937,1930,E2
소설,젊은 용사들,젊은 용사들,김동인,소년,1937,1930,E2
수필,정원의 실패 -나의 1년 총결산-,정원의 실패 -나의 1년 총결산-,홍난파,조광,1937,1930,E2
소설,종생기,종생기,이상,,1937,1930,E2
수필,종아리 맞은 이야기,종아리 맞은 이야기,홍난파,소년,1937,1930,E2
수필,질투의 반군성,질투의 반군성,이육사,,1937,1930,E2
소설,처를 때리고,처를 때리고,김남천,조선문단속간,1937,1930,E2
소설,탁류,탁류/제10장,채만식,조선일보,1937,1930,E2
소설,탁류,탁류/제11장,채만식,조선일보,1937,1930,E2
소설,탁류,탁류/제12장,채만식,조선일보,1937,1930,E2
소설,탁류,탁류/제13장,채만식,조선일보,1937,1930,E2
소설,탁류,탁류/제14장,채만식,조선일보,1937,1930,E2
소설,탁류,탁류/제15장,채만식,조선일보,1937,1930,E2
소설,탁류,탁류/제16장,채만식,조선일보,1937,1930,E2
소설,탁류,탁류/제17장,채만식,조선일보,1937,1930,E2
소설,탁류,탁류/제18장,채만식,조선일보,1937,1930,E2
소설,탁류,탁류/제19장,채만식,조선일보,1937,1930,E2
소설,탁류,탁류/제1장,채만식,조선일보,1937,1930,E2
소설,탁류,탁류/제2장,채만식,조선일보,1937,1930,E2
소설,탁류,탁류/제3장,채만식,조선일보,1937,1930,E2
소설,탁류,탁류/제4장,채만식,조선일보,1937,1930,E2
소설,탁류,탁류/제5장,채만식,조선일보,1937,1930,E2
소설,탁류,탁류/제6장,채만식,조선일보,1937,1930,E2
소설,탁류,탁류/제7장,채만식,조선일보,1937,1930,E2
소설,탁류,탁류/제8장,채만식,조선일보,1937,1930,E2
소설,탁류,탁류/제9장,채만식,조선일보,1937,1930,E2
시,해조사,해조사,이육사,풍림,1937,1930,E2
소설,황소와 도깨비,황소와 도깨비,이상,동화,1937,1930,E2
수필,1만 불의 두발,1만 불의 두발,홍난파,,1938,1930,E2
수필,1인 2중주,1인 2중주,홍난파,,1938,1930,E2
수필,30만 圓[원]의 바이올린,30만원의 제금,홍난파,,1938,1930,E2
수필,"3B, 3S, 3M","3B, 3S, 3M",홍난파,,1938,1930,E2
수필,가극왕 바그너,가극왕 바그너,홍난파,,1938,1930,E2
소설,가두,가두,김동인,,1938,1930,E2
소설,가신 어머니,가신 어머니,김동인,,1938,1930,E2
소설,가애자,가애자,김남천,,1938,1930,E2
소설,가을과 산양,가을과 산양,이효석,,1938,1930,E2
수필,姦婦[간부]의 남편,간부의 남편,홍난파,,1938,1930,E2
시,강 건너간 노래,강 건너간 노래,이육사,,1938,1930,E2
소설,검둥이,검둥이,강경애,,1938,1930,E2
소설,계절의 오행,계절의 오행,이육사,,1938,1930,E2
수필,과도의 예우,과도의 예우,홍난파,,1938,1930,E2
수필,觀劇料[관극료] 6만 弗[불],관극료 6만달러,홍난파,,1938,1930,E2
수필,관대한 讚辭[찬사],관대한 찬사,홍난파,,1938,1930,E2
수필,口頭試問[구두시문],구두시험,홍난파,,1938,1930,E2
수필,救援[구원]된 名器[명기],구명된 명기,홍난파,,1938,1930,E2
수필,그 心理的[심리적] 基礎[기초],그 심리적 기초,최남선,,1938,1930,E2
수필,극장에서 천당으로,극장에서 천당으로,홍난파,,1938,1930,E2
수필,극장으로!,극장으로!,홍난파,,1938,1930,E2
수필,기막힌 이야기,기막힌 이야기,홍난파,,1938,1930,E2
수필,기막힌 절평,기막힌 절평,홍난파,,1938,1930,E2
소설,낙엽을 태우면서,낙엽을 태우면서,이효석,,1938,1930,E2
수필,날아갔읍니다,날아갔읍니다,홍난파,,1938,1930,E2
수필,내 노래를,내 노래를,홍난파,,1938,1930,E2
수필,대가라고,대가라고,홍난파,,1938,1930,E2
수필,대신의 증명,대신의 증명,홍난파,,1938,1930,E2
수필,대양금가의 명답(피아니스트의 명답),대양금가의 명답(피아니스트의 명답),홍난파,,1938,1930,E2
소설,대탕지 아주머니,대탕지 아주머니,김동인,,1938,1930,E2
수필,돈견으로 상쟁,돈견으로 상쟁,홍난파,,1938,1930,E2
수필,動物怪談[동물괴담],동물괴담,최남선,,1938,1930,E2
수필,동전이 없읍니다.,동전이 없읍니다.,홍난파,,1938,1930,E2
수필,마스카니의 제자,마스카니의 제자,홍난파,,1938,1930,E2
수필,마왕의 작곡,마왕의 작곡,홍난파,,1938,1930,E2
소설,마의태자(麻衣太子)하편/1. 의는 죽는다,마의태자/제13장,이광수,,1938,1930,E2
수필,말보다 실행,말보다 실행,홍난파,,1938,1930,E2
소설,"모멸(侮蔑)의 서(書)
 조선 지식 여성의 두뇌와 생활
 조선 지식 여성의 두뇌와 생활모멸의 서",모멸의 서,이활(이육사),,1938,1930,E2
수필,모짜르트의 실연,모짜르트의 실연,홍난파,,1938,1930,E2
수필,문번과의 대화,문번과의 대화,홍난파,,1938,1930,E2
수필,문학과 정치,문학과 정치,이상,,1938,1930,E2
수필,문호 시성의 음악관,문호 시성의 음악관,홍난파,,1938,1930,E2
수필,바그너와 13의 수,바그너와 13의 수,홍난파,,1938,1930,E2
소설,박명,박명/1장,한용운,,1938,1930,E2
소설,박명,박명/2장,한용운,,1938,1930,E2
소설,박명,박명/3장,한용운,,1938,1930,E2
소설,박명,박명/4장,한용운,,1938,1930,E2
소설,박명,박명/5장,한용운,,1938,1930,E2
수필,방송료 5만원,방송료 5만원,홍난파,,1938,1930,E2
수필,벨리니의 비련,벨리니의 비련,홍난파,,1938,1930,E2
수필,變化怪談[변화괴담],변화괴담,최남선,,1938,1930,E2
소설,봄봄,봄봄,김유정,,1938,1930,E2
수필,불가능의 사람,불가능의 사람,홍난파,,1938,1930,E2
시,빙학,빙학,김대봉,,1938,1930,E2
수필,사교와 음악,사교와 음악,홍난파,,1938,1930,E2
수필,사는 일과 가산(家産),사는 일과 가산,김교신,,1938,1930,E2
시,사랑 주고 병 샀소,사랑 주고 병 샀소,박향림,,1938,1930,E2
시,사슴,산호림/사슴,노천명,,1938,1930,E2
수필,殺人書秘話,살인서비화,김진섭,,1938,1930,E2
수필,새로운 조선음악,새로운 조선음악,홍난파,,1938,1930,E2
수필,생명보다 돈,생명보다 돈,홍난파,,1938,1930,E2
수필,생색 없는 수고,생색 없는 수고,홍난파,,1938,1930,E2
수필,선하심 후하심,선하심 후하심,홍난파,,1938,1930,E2
수필,세계에 오직 3인,세계에 오직 3인,홍난파,,1938,1930,E2
수필,솔직한 고백,솔직한 고백,홍난파,,1938,1930,E2
수필,쇼팽과 그의 연인,쇼팽과 그의 연인,홍난파,,1938,1930,E2
수필,술 먹지 않는 악기,술 먹지 않는 악기,홍난파,,1938,1930,E2
수필,승려의 전직,승려의 전직,홍난파,,1938,1930,E2
수필,쌍둥이 바이올린,쌍둥이 바이올린,홍난파,,1938,1930,E2
수필,아름다운 상아,아름다운 상아,홍난파,,1938,1930,E2
시,아편,아편,이육사,비판,1938,1930,E2
수필,악기 도살자,악기 도살자,홍난파,,1938,1930,E2
수필,악마의 전음,악마의 전음,홍난파,,1938,1930,E2
수필,악성 연사,악성 연사,홍난파,여성,1938,1930,E2
수필,악성의 침실,악성의 침실,홍난파,,1938,1930,E2
수필,알뜰한 보물,알뜰한 보물,홍난파,,1938,1930,E2
수필,엄청난 음악학교,엄청난 음악학교,홍난파,,1938,1930,E2
수필,연주가의 태도,연주가의 태도,홍난파,,1938,1930,E2
수필,영광스런 봉욕,영광스런 봉변,홍난파,,1938,1930,E2
수필,영구의 결별,영구의 결별,홍난파,,1938,1930,E2
수필,영웅 교향곡,영웅 교향곡,홍난파,,1938,1930,E2
수필,옛날의 적수,옛날의 적수,홍난파,,1938,1930,E2
시,오빠는 풍각쟁이야,오빠는 풍각쟁이야,박향림,,1938,1930,E2
수필,욕심 많은 부인,욕심 많은 부인,홍난파,,1938,1930,E2
수필,우리는 무엇을?,우리는 무엇을?,홍난파,,1938,1930,E2
수필,음악과 건강,음악과 건강,홍난파,,1938,1930,E2
수필,이것은「봄」이다,이것은「봄」이다,홍난파,,1938,1930,E2
수필,이상한 보물,이상한 보물,홍난파,,1938,1930,E2
수필,이야기의 방해,이야기의 방해,홍난파,,1938,1930,E2
수필,이탈리아 소녀,이탈리아 소녀,홍난파,,1938,1930,E2
수필,입옥 자원,입옥 자원,홍난파,,1938,1930,E2
수필,자기 심화의 길,자기 심화의 길,이육사,조선일보,1938,1930,E2
수필,자서자독,자서자독,홍난파,,1938,1930,E2
수필,자화자찬,자화자찬,홍난파,,1938,1930,E2
수필,잠 안오는 자장가,잠 안오는 자장가,홍난파,,1938,1930,E2
소설,장미 병들다,장미 병들ㄹ다,이효석,삼천리,1938,1930,E2
수필,전쟁의 곡,전쟁의 곡,홍난파,,1938,1930,E2
수필,전조기,전조기,이육사,,1938,1930,E2
수필,제 1 바이올린 만으로,제 1 바이올린 만으로,홍난파,,1938,1930,E2
수필,조선 문화는 세계 문화의 일륜,조선 문화는 세계 문화의 일륜,이육사,,1938,1930,E2
수필,죽어서는 손,죽어서는 손해,홍난파,,1938,1930,E2
수필,진주의 선물,진주의 선물,홍난파,,1938,1930,E2
소설,청춘도,청춘도,계용묵,,1938,1930,E2
시,초가,초가,이육사,비판,1938,1930,E2
소설,치숙,치숙,채만식,동아일보,1938,1930,E2
수필,침묵의 이유,침묵의 이유,홍난파,,1938,1930,E2
수필,카르멘 작곡 비문,카르멘 작곡 비문,홍난파,,1938,1930,E2
시,코스모스,코스모스 (윤동주),윤동주,,1938,1930,E2
수필,키스의 벼락,키스의 벼락,홍난파,,1938,1930,E2
소설,태평천하,태평천하/제10장,채만식,조광,1938,1930,E2
소설,태평천하,태평천하/제11장,채만식,조광,1938,1930,E2
소설,태평천하,태평천하/제12장,채만식,조광,1938,1930,E2
소설,태평천하,태평천하/제13장,채만식,조광,1938,1930,E2
소설,태평천하,태평천하/제14장,채만식,조광,1938,1930,E2
소설,태평천하,태평천하/제15장,채만식,조광,1938,1930,E2
소설,태평천하,태평천하/제1장,채만식,조광,1938,1930,E2
소설,태평천하,태평천하/제2장,채만식,조광,1938,1930,E2
소설,태평천하,태평천하/제3장,채만식,조광,1938,1930,E2
소설,태평천하,태평천하/제4장,채만식,조광,1938,1930,E2
소설,태평천하,태평천하/제5장,채만식,조광,1938,1930,E2
소설,태평천하,태평천하/제6장,채만식,조광,1938,1930,E2
소설,태평천하,태평천하/제7장,채만식,조광,1938,1930,E2
소설,태평천하,태평천하/제8장,채만식,조광,1938,1930,E2
소설,태평천하,태평천하/제9장,채만식,조광,1938,1930,E2
수필,폐물음악회,폐물음악회,홍난파,,1938,1930,E2
수필,프랑크의 기재,프랑크의 기재,홍난파,,1938,1930,E2
수필,피육적 냉소,피육적 냉소,홍난파,,1938,1930,E2
수필,한 잔 물을!,한 잔 물을!,홍난파,,1938,1930,E2
시,가을 바람,현해탄/가을 바람,임화,,1938,1930,E2
시,강가로 가자,현해탄/강가로 가자,임화,,1938,1930,E2
시,고향을 지나며,현해탄/고향을 지나며,임화,,1938,1930,E2
시,골프장,현해탄/골프장,임화,,1938,1930,E2
시,구름은 나의 종복이다,현해탄/구름은 나의 종복이다,임화,,1938,1930,E2
시,나는 못 믿겠노라,현해탄/나는 못 믿겠노라,임화,,1938,1930,E2
시,낮,현해탄/낮,임화,,1938,1930,E2
시,내 청춘에 바치노라,현해탄/내 청춘에 바치노라,임화,,1938,1930,E2
시,너 하나 때문에,현해탄/너 하나 때문에,임화,,1938,1930,E2
시,네거리의 순이,현해탄/네거리의 순이,임화,,1938,1930,E2
시,눈물의 해협,현해탄/눈물의 해협,임화,,1938,1930,E2
시,다시 네거리에서,현해탄/다시 네거리에서,임화,,1938,1930,E2
시,다시 인젠 천공에 성좌가 있을 필요가 없다,현해탄/다시 인젠 천공에 성좌가 있을 필요가 없다,임화,,1938,1930,E2
시,들,현해탄/들,임화,,1938,1930,E2
시,바다의 찬가,현해탄/바다의 찬가,임화,,1938,1930,E2
시,밤 갑판 위,현해탄/밤 갑판 위,임화,,1938,1930,E2
시,벌레,현해탄/벌레,임화,,1938,1930,E2
시,상륙,현해탄/상륙,임화,,1938,1930,E2
시,새 옷을 갈아 입으며,현해탄/새 옷을 갈아 입으며,임화,,1938,1930,E2
시,세월,현해탄/세월,임화,,1938,1930,E2
시,안개 속,현해탄/안개 속,임화,,1938,1930,E2
시,암흑의 정신,현해탄/암흑의 정신,임화,,1938,1930,E2
시,야행차 속,현해탄/야행차 속,임화,,1938,1930,E2
시,어린 태양이 말하되,현해탄/어린 태양이 말하되,임화,,1938,1930,E2
시,옛 책,현해탄/옛 책,임화,,1938,1930,E2
시,월하의 대화,현해탄/월하의 대화,임화,,1938,1930,E2
시,일년,현해탄/일년,임화,,1938,1930,E2
시,적,현해탄/적,임화,,1938,1930,E2
시,주리라 네 탐내는 모든 것을,현해탄/주리라 네 탐내는 모든 것을,임화,,1938,1930,E2
시,주유의 노래,현해탄/주유의 노래,임화,,1938,1930,E2
시,지도,현해탄/지도,임화,,1938,1930,E2
시,지상의 시,현해탄/지상의 시,임화,,1938,1930,E2
시,최후의 염원,현해탄/최후의 염원,임화,,1938,1930,E2
시,하늘,현해탄/하늘,임화,,1938,1930,E2
시,해상에서,현해탄/해상에서,임화,,1938,1930,E2
시,해협의 로맨티시즘,현해탄/해협의 로맨티시즘,임화,,1938,1930,E2
시,행복은 어디 있었느냐?,현해탄/행복은 어디 있었느냐?,임화,,1938,1930,E2
시,향수,현해탄/향수,임화,,1938,1930,E2
시,현해탄,현해탄/현해탄,임화,,1938,1930,E2
시,홍수 뒤,현해탄/홍수 뒤,임화,,1938,1930,E2
시,황무지,현해탄/황무지,임화,,1938,1930,E2
시,후서,현해탄/후서,임화,,1938,1930,E2
수필,호접부인,호접부인,홍난파,,1938,1930,E2
소설,환시기,환시기,이상,청색지,1938,1930,E2
수필,황금,황금,홍난파,,1938,1930,E2
수필,훌륭한 반주,훌륭한 반주,홍난파,,1938,1930,E2
수필,휘파람 인사,휘파람 인사,홍난파,,1938,1930,E2
시,가시나무,가시나무,김소월,,1939,1930,E2
수필,고구양약,고구양약,김상용,,1939,1930,E2
소설,길놀이,길놀이,이광수,,1939,1930,E2
소설,김연실전,김연실전,김동인,,1939,1930,E2
소설,김유정론,김유정론,이상,,1939,1930,E2
소설,남한산성 (이육사),남한산성 (이육사),이육사,,1939,1930,E2
수필,怒發의 可否,노발의 가부,김교신,,1939,1930,E2
소설,단발,단발,이상,,1939,1930,E2
소설,대하,대하,김남천,,1939,1930,E2
수필,동경,동경,이상,,1939,1930,E2
시,동물 시집,동물 시집/독사,윤곤강,,1939,1930,E2
소설,두포전,두포전,김유정,,1939,1930,E2
시,땅거미 질 때,땅거미 질 때,변영로,,1939,1930,E2
소설,마의태자(麻衣太子)하편/2. 사랑은 섧다,마의태자/제14장,이광수,,1939,1930,E2
소설,마인(魔人)하권/2. 吳辯護士의 推理[오변호사의 추리],마인/10장,김내성,,1939,1930,E2
소설,마인(魔人)하권/3. 새로운 展望[전망],마인/11장,김내성,,1939,1930,E2
소설,마인(魔人)하권/4. 寫眞[사진]속의 處女[처녀],마인/12장,김내성,,1939,1930,E2
소설,마인(魔人)하권/5. 第二次[제이차]의 慘劇[참극],마인/13장,김내성,,1939,1930,E2
소설,마인(魔人)하권/6. 疑惑[의혹],마인/14장,김내성,,1939,1930,E2
소설,마인(魔人)하권/7. 黃世民校長[황세민교장],마인/15장,김내성,,1939,1930,E2
소설,마인(魔人)하권/8. 黄齒人[황치인],마인/16장,김내성,,1939,1930,E2
소설,마인(魔人)하권/9. 呉相相[오상억]의 歸京[귀경],마인/17장,김내성,,1939,1930,E2
소설,마인(魔人)하권/10. 罪惡(죄악)의 실마리,마인/18장,김내성,,1939,1930,E2
소설,마인(魔人)하권/11. 「로미오」와 「쥴리엣」,마인/19장,김내성,,1939,1930,E2
소설,마인(魔人)상권/1. 假裝舞蹈會[가장무도회],마인/1장,김내성,,1939,1930,E2
소설,마인(魔人)하권/12. 第三次[제삼차]의 慘劇[참극],마인/20장,김내성,,1939,1930,E2
소설,마인(魔人)하권/13. 劉探偵[유탐정]의 懊惱[오뇌],마인/21장,김내성,,1939,1930,E2
소설,마인(魔人)하권/14. 무서운 想像[상상],마인/22장,김내성,,1939,1930,E2
소설,마인(魔人)하권/15. 魔乎人乎[마호인호],마인/23장,김내성,,1939,1930,E2
소설,마인(魔人)하권/16. 제사차[第四次]의 참극[慘劇],마인/24장,김내성,,1939,1930,E2
소설,마인(魔人)하권/17. 最後[최후]의 慘劇[참극],마인/25장,김내성,,1939,1930,E2
소설,마인(魔人)하권/18. 黃齒人[황치인] 逮捕[체포],마인/26장,김내성,,1939,1930,E2
소설,마인(魔人)하권/19. 大空(대공)의 惡魔(악마),마인/27장,김내성,,1939,1930,E2
소설,마인(魔人)하권/20. 海月(해월)의 正體(정체),마인/28장,김내성,,1939,1930,E2
소설,마인(魔人)하권/21. 探偵 廢業(탐정 폐업),마인/29장,김내성,,1939,1930,E2
소설,마인(魔人)상권/2. 道化役者[도화역자],마인/2장,김내성,,1939,1930,E2
소설,마인(魔人)상권/3. 魔人[마인]의 命分書[명분서],마인/3장,김내성,,1939,1930,E2
소설,마인(魔人)상권/4. 葬送行進曲[장송행진곡],마인/4장,김내성,,1939,1930,E2
소설,마인(魔人)상권/5. 무서운 戀愛史(연애사),마인/5장,김내성,,1939,1930,E2
소설,마인(魔人)상권/6. 暗夜 [암야]의 野獸[야수],마인/6장,김내성,,1939,1930,E2
소설,마인(魔人)상권/7. 復讐鬼[복수귀]의 悲歌[비가],마인/7장,김내성,,1939,1930,E2
소설,마인(魔人)상권/8. 劉不亂 探偵 [유불란탐정],마인/8장,김내성,,1939,1930,E2
소설,마인(魔人)하권/1. 第一次[제일차]의 慘劇[참극],마인/9장,김내성,,1939,1930,E2
시,만가(輓歌),만가/고독,윤곤강,,1939,1930,E2
시,만가(輓歌),만가/고백,윤곤강,,1939,1930,E2
시,만가(輓歌),만가/과거,윤곤강,,1939,1930,E2
시,만가(輓歌),만가/동쪽,윤곤강,,1939,1930,E2
시,만가(輓歌),만가/만가 1,윤곤강,,1939,1930,E2
시,만가(輓歌),만가/만가2,윤곤강,,1939,1930,E2
시,만가(輓歌),만가/만가3,윤곤강,,1939,1930,E2
시,만가(輓歌),만가/면경,윤곤강,,1939,1930,E2
시,만가(輓歌),만가/배암,윤곤강,,1939,1930,E2
시,만가(輓歌),만가/별바다의 기억,윤곤강,,1939,1930,E2
시,만가(輓歌),만가/병든 마음,윤곤강,,1939,1930,E2
시,만가(輓歌),만가/붉은 혓바닥,윤곤강,,1939,1930,E2
시,만가(輓歌),만가/빙점,윤곤강,,1939,1930,E2
시,만가(輓歌),만가/사의비밀,윤곤강,,1939,1930,E2
시,만가(輓歌),만가/석문,윤곤강,,1939,1930,E2
시,만가(輓歌),만가/암야,윤곤강,,1939,1930,E2
시,만가(輓歌),만가/야음화,윤곤강,,1939,1930,E2
시,만가(輓歌),만가/얼어붙은 밤,윤곤강,,1939,1930,E2
시,만가(輓歌),만가/원광곡,윤곤강,,1939,1930,E2
시,만가(輓歌),만가/추억,윤곤강,,1939,1930,E2
시,만가(輓歌),만가/토요일,윤곤강,,1939,1930,E2
시,만가(輓歌),만가/황혼,윤곤강,,1939,1930,E2
시,만가(輓歌),만가/ELEGIE,윤곤강,,1939,1930,E2
시,만가(輓歌),만가/LA PALOMA,윤곤강,,1939,1930,E2
시,묘비명,묘비명,김영랑,,1939,1930,E2
소설,무명,무명,이광수,,1939,1930,E2
시,바다와 나비/바다와 나비,바다와 나비/바다와 나비,김기림,,1939,1930,E2
시,바다와 나비/유리창,바다와 나비/유리창,김기림,,1939,1930,E2
소설,반점(斑點),반점,채만식,,1939,1930,E2
소설,병상 이후,병상 이후,이상,,1939,1930,E2
소설,병풍(屛風)에 그린 닭이,병풍 속에 그린 닭이,계용묵,,1939,1930,E2
시,비에 젖은 마음,비에 젖은 마음,박용철,,1939,1930,E2
소설,산정(山精),산정,이효석,,1939,1930,E2
시,세모감,세모감,김소월,,1939,1930,E2
시,실낙원,실낙원 (이상),이상,조광,1939,1930,E2
소설,실화,실화,이상,,1939,1930,E2
소설,애기,애기,김유정,문장,1939,1930,E2
소설,여수,여수 (이효석),이효석,동아일보,1939,1930,E2
시,연보,연보,이육사,시학,1939,1930,E2
수필,영화에 대한 문화적 촉망,영화에 대한 문화적 촉망,이육사,비판,1939,1930,E2
수필,예술 형식의 변천과 영화의 집단성,예술 형식의 변천과 영화의 집단성,이육사,청색지,1939,1930,E2
소설,유앵기,유앵기,계용묵,조광,1939,1930,E2
소설,이리,이리,김남천,,1939,1930,E2
수필,이상의 편지,이상의 편지,이상,여성,1939,1930,E2
소설,일표의 공능,일표의 공능,이효석,인문평론,1939,1930,E2
시,자고 새면,자고 새면,임화,,1939,1930,E2
수필,자기소전,자기소전,강경애,조선일보사,1939,1930,E2
시,절제,절제,김소월,,1939,1930,E2
소설,제1과 제1장,제1과 제1장,이무영,,1939,1930,E2
수필,육장기,죽염기,이광수,,1939,1930,E2
수필,지휘자의 감명,지휘자의 감명,홍난파,문장,1939,1930,E2
수필,첫 무대의 기억,첫 무대의 기억,홍난파,조광,1939,1930,E2
수필,청량몽,청량몽,이육사,,1939,1930,E2
시,청포도,청포도,이육사,문장,1939,1930,E2
소설,최저낙원,최저낙원,이상,,1939,1930,E2
수필,캔자스 역의 봉변,캔사스 역의 봉변 -나를 가장 놀라게 한 사건-,홍난파,조광,1939,1930,E2
시,굴뚝,태양의 풍속/굴뚝,김기림,,1939,1930,E2
시,십오야,태양의 풍속/십오야,김기림,,1939,1930,E2
소설,향수,향수 (이효석),이효석,여성,1939,1930,E2
시,나의 노래,헌사/나의 노래,오장환,,1939,1930,E2
시,무인도,헌사/무인도,오장환,,1939,1930,E2
시,석양,헌사/석양,오장환,,1939,1930,E2
시,심동,헌사/심동,오장환,,1939,1930,E2
시,할렐루야,헌사/할렐루야,오장환,,1939,1930,E2
시,헌사 Artemis,헌사/헌사 Artemis,오장환,,1939,1930,E2
시,The Last Train,헌사/The Last Train,오장환,,1939,1930,E2
소설,형,형,김유정,광업조선,1939,1930,E2
시,호수,호수,이육사,시학,1939,1930,E2
소설,화분,화분,이효석,조광,1939,1930,E2
소설,황제,황제,이효석,문장,1939,1930,E2
수필,횡액,횡액,이육사,,1939,1930,E2
소설,흑치상지,흑치상지,현진건,,1939,1930,E2
소설,견훤,견훤,김동인,,1940,1940,E2
소설,결별(訣別),결별,지하련,,1940,1940,E2
소설,경영,경영,김남천,,1940,1940,E2
시,광인의 태양,광인의 태양,이육사,,1940,1940,E2
시,교목,교목,이육사,,1940,1940,E2
소설,金氏夫人轉(김씨부인전),김씨부인전,이광수,,1940,1940,E2
소설,낙조 (김사량),낙조 (김사량),김사량,,1940,1940,E2
소설,亂啼烏(난제오),난제오,이광수,,1940,1940,E2
소설,내가 좋아하는 솔,내가 좋아하는 솔,강경애,,1940,1940,E2
소설,냉동어,냉동어,채만식,,1940,1940,E2
시,단상1,단상1,박용철,,1940,1940,E2
시,단상2,단상2,박용철,,1940,1940,E2
시,동물 시집,동물 시집/나비,윤곤강,,1940,1940,E2
소설,마의태자(麻衣太子)하편/3. 포석정(鮑石亭),마의태자/제15장,이광수,,1940,1940,E2
소설,미정고 장편,미정고 장편,나도향,,1940,1940,E2
시,반묘,반묘,이육사,,1940,1940,E2
소설,벽공무한,벽공무한/10장,이효석,,1940,1940,E2
소설,벽공무한,벽공무한/11장,이효석,,1940,1940,E2
소설,벽공무한,벽공무한/12장,이효석,,1940,1940,E2
소설,벽공무한,벽공무한/13장,이효석,,1940,1940,E2
소설,벽공무한,벽공무한/14장,이효석,,1940,1940,E2
소설,벽공무한,벽공무한/15장,이효석,,1940,1940,E2
소설,벽공무한,벽공무한/16장,이효석,,1940,1940,E2
소설,벽공무한,벽공무한/1장,이효석,,1940,1940,E2
소설,벽공무한,벽공무한/2장,이효석,,1940,1940,E2
소설,벽공무한,벽공무한/3장,이효석,,1940,1940,E2
소설,벽공무한,벽공무한/4장,이효석,,1940,1940,E2
소설,벽공무한,벽공무한/5장,이효석,,1940,1940,E2
소설,벽공무한,벽공무한/6장,이효석,,1940,1940,E2
소설,벽공무한,벽공무한/7장,이효석,,1940,1940,E2
소설,벽공무한,벽공무한/8장,이효석,,1940,1940,E2
소설,벽공무한,벽공무한/9장,이효석,,1940,1940,E2
시,빙화(氷華),빙화/1. 황혼,윤곤강,,1940,1940,E2
시,빙화(氷華),빙화/2. 호수,윤곤강,,1940,1940,E2
시,빙화(氷華),빙화/3. 마을,윤곤강,,1940,1940,E2
시,빙화(氷華),빙화/꿈,윤곤강,,1940,1940,E2
시,빙화(氷華),빙화/나의 밤,윤곤강,,1940,1940,E2
시,빙화(氷華),빙화/눈 쌓인 밤,윤곤강,,1940,1940,E2
시,빙화(氷華),빙화/대야초,윤곤강,,1940,1940,E2
시,빙화(氷華),빙화/밤의 시름,윤곤강,,1940,1940,E2
시,빙화(氷華),빙화/백야,윤곤강,,1940,1940,E2
시,빙화(氷華),빙화/벽,윤곤강,,1940,1940,E2
시,빙화(氷華),빙화/별과 새에게,윤곤강,,1940,1940,E2
시,빙화(氷華),빙화/분수,윤곤강,,1940,1940,E2
시,빙화(氷華),빙화/비애,윤곤강,,1940,1940,E2
시,빙화(氷華),빙화/빙하,윤곤강,,1940,1940,E2
시,빙화(氷華),빙화/성에의 꽃,윤곤강,,1940,1940,E2
시,빙화(氷華),빙화/시계,윤곤강,,1940,1940,E2
시,빙화(氷華),빙화/야경,윤곤강,,1940,1940,E2
시,빙화(氷華),빙화/언덕,윤곤강,,1940,1940,E2
시,빙화(氷華),빙화/자화상,윤곤강,,1940,1940,E2
시,빙화(氷華),빙화/포플라,윤곤강,,1940,1940,E2
시,빙화(氷華),빙화/희망,윤곤강,,1940,1940,E2
소설,사호 일단(四號一段),사호일단,채만식,,1940,1940,E2
시,안 가는 시계,안 가는 시계,박용철,,1940,1940,E2
수필,약수,약수 (강경애),강경애,인문평론,1940,1940,E2
시,연애,연애,박용철,,1940,1940,E2
소설,옥수수,옥수수,이광수,,1940,1940,E2
소설,우울증,우울증,정인택,,1940,1940,E2
수필,윤곤강 시집 <빙화> 기타,윤곤강 시집 빙화 기타,이육사,,1940,1940,E2
수필,은하수,은하수,이육사,,1940,1940,E2
시,일식,일식,이육사,문장,1940,1940,E2
시,절정,절정,이육사,,1940,1940,E2
시,해후,해후 (박용철),박용철,,1940,1940,E2
수필,현주·냉광,현주·냉광,이육사,,1940,1940,E2
소설,회,회,채만식,,1940,1940,E2
소설,흙의 노예,흙의 노예,이무영,,1940,1940,E2
시,간,간,윤동주,,1941,1940,E2
시,昆虫九題[곤충구제],곤충구제,변영로,,1941,1940,E2
시,"귀촉도(歸蜀途)
 廷柱에게 주는 시",귀촉도,오장환,,1941,1940,E2
소설,그림,그림,김남천,,1941,1940,E2
수필,기행(紀行),기행/경의록,김남천,,1941,1940,E2
소설,대수양,대수양,김동인,,1941,1940,E2
시,독백 (이육사),독백 (이육사),이육사,,1941,1940,E2
시,동물 시집,동물 시집/고양이,윤곤강,,1941,1940,E2
소설,마의태자(麻衣太子)하편/4. 오호 경순,마의태자/제16장,이광수,,1941,1940,E2
시,백록담,백록담/꾀꼬리와 국화,정지용,,1941,1940,E2
시,백록담,백록담/노인과 꽃,정지용,,1941,1940,E2
시,백록담,백록담/비,정지용,,1941,1940,E2
시,백록담,백록담/비둘기,정지용,,1941,1940,E2
시,백록담,백록담/아스팔트,정지용,,1941,1940,E2
시,백록담,백록담/예양,정지용,,1941,1940,E2
시,백록담,백록담/육체,정지용,,1941,1940,E2
시,백록담,백록담/이목구비,정지용,,1941,1940,E2
수필,별똥 떨어진 데,별똥 떨어진 데,윤동주,,1941,1940,E2
소설,부상관(扶桑官)의 봄,부상관의 봄,정인택,,1941,1940,E2
수필,산사기,산사기,이육사,,1941,1940,E2
시,아미,아미,이육사,문장,1941,1940,E2
소설,어머니 곰네,어머니 곰네,김동인,,1941,1940,E2
소설,여수,여수 (정인택),정인택,,1941,1940,E2
수필,연륜,연륜,이육사,,1941,1940,E2
수필,연인기,연인기,이육사,,1941,1940,E2
소설,오디,오디,김남천,,1941,1940,E2
소설,왕부의 낙조,왕부의 낙조,김동인,매일신보,1941,1940,E2
시,유치장에서 만난 사나이,유치장에서 만난 사나이,김사량,,1941,,E2
시,자야곡,자야곡,이육사,문장,1941,1940,E2
소설,종로의 주민,종로의 주민,채만식,,1941,1940,E2
수필,종시,종시,윤동주,,1941,1940,E2
수필,중국 문학 오십 년사,중국 문학 오십 년사,이육사,문장,1941,1940,E2
소설,지기미,지기미,김사량,삼천리,1941,1940,E2
소설,집,집,채만식,,1941,1940,E2
시,파초,파초,이육사,춘추,1941,1940,E2
시,간판 없는 거리,하늘과 바람과 별과 시/간판 없는 거리,윤동주,,1941,1940,E2
시,길,하늘과 바람과 별과 시/길,윤동주,,1941,1940,E2
시,눈 오는 지도,하늘과 바람과 별과 시/눈 오는 지도,윤동주,,1941,1940,E2
시,눈감고 간다,하늘과 바람과 별과 시/눈감고 간다,윤동주,,1941,1940,E2
시,돌아와 보는 밤,하늘과 바람과 별과 시/돌아와 보는 밤,윤동주,,1941,1940,E2
시,또 다른 고향,하늘과 바람과 별과 시/또 다른 고향,윤동주,,1941,1940,E2
시,또 태초의 아침,하늘과 바람과 별과 시/또 태초의 아침,윤동주,,1941,1940,E2
시,무서운 시간,하늘과 바람과 별과 시/무서운 시간,윤동주,,1941,1940,E2
시,바람이 불어,하늘과 바람과 별과 시/바람이 불어,윤동주,,1941,1940,E2
시,별 헤는 밤,하늘과 바람과 별과 시/별 헤는 밤,윤동주,,1941,1940,E2
시,병원,하늘과 바람과 별과 시/병원,윤동주,,1941,1940,E2
시,새로운 길,하늘과 바람과 별과 시/새로운 길,윤동주,,1941,1940,E2
시,새벽이 올 때까지,하늘과 바람과 별과 시/새벽이 올 때까지,윤동주,,1941,1940,E2
시,서시,하늘과 바람과 별과 시/서시,윤동주,,1941,1940,E2
시,소년,하늘과 바람과 별과 시/소년,윤동주,,1941,1940,E2
시,슬픈 족속,하늘과 바람과 별과 시/슬픈 족속,윤동주,,1941,1940,E2
시,십자가,하늘과 바람과 별과 시/십자가,윤동주,,1941,1940,E2
시,자화상,하늘과 바람과 별과 시/자화상,윤동주,,1941,1940,E2
시,태초의 아침,하늘과 바람과 별과 시/태초의 아침,윤동주,,1941,1940,E2
수필,감격과 긴장,감격과 긴장,김동인,,1942,1940,E2
수필,계절의 표정,계절의 표정,이육사,,1942,1940,E2
수필,기행(紀行),기행/회창,김남천,,1942,1940,E2
시,동물 시집,동물 시집/벌,윤곤강,,1942,1940,E2
소설,마의태자(麻衣太子)하편/5. 마의태자,마의태자/제17장,이광수,,1942,1940,E2
시,부인근로대,부인근로대,노천명,,1942,1940,E2
시,사랑스런 추억,사랑스런 추억,윤동주,,1942,1940,E2
수필,상아탑(象牙塔),상아탑/계란,계용묵,,1942,1940,E2
수필,상아탑(象牙塔),상아탑/고독,계용묵,,1942,1940,E2
수필,상아탑(象牙塔),상아탑/구두,계용묵,,1942,1940,E2
수필,상아탑(象牙塔),상아탑/길을 묻기운다,계용묵,,1942,1940,E2
수필,상아탑(象牙塔),상아탑/낙관,계용묵,,1942,1940,E2
수필,상아탑(象牙塔),상아탑/노인과 닭,계용묵,,1942,1940,E2
수필,상아탑(象牙塔),상아탑/동정,계용묵,,1942,1940,E2
수필,상아탑(象牙塔),상아탑/말,계용묵,,1942,1940,E2
수필,상아탑(象牙塔),상아탑/문학과 건강,계용묵,,1942,1940,E2
수필,상아탑(象牙塔),상아탑/방서한,계용묵,,1942,1940,E2
수필,상아탑(象牙塔),상아탑/사연,계용묵,,1942,1940,E2
수필,상아탑(象牙塔),상아탑/손,계용묵,,1942,1940,E2
수필,상아탑(象牙塔),상아탑/수박,계용묵,,1942,1940,E2
수필,상아탑(象牙塔),상아탑/수상록,계용묵,,1942,1940,E2
수필,상아탑(象牙塔),상아탑/수첩초,계용묵,,1942,1940,E2
수필,상아탑(象牙塔),상아탑/실직기,계용묵,,1942,1940,E2
수필,상아탑(象牙塔),상아탑/심덕,계용묵,,1942,1940,E2
수필,상아탑(象牙塔),상아탑/애연사,계용묵,,1942,1940,E2
수필,상아탑(象牙塔),상아탑/여름의 미각,계용묵,,1942,1940,E2
수필,상아탑(象牙塔),상아탑/원자탄,계용묵,,1942,1940,E2
수필,상아탑(象牙塔),상아탑/율정기,계용묵,,1942,1940,E2
수필,상아탑(象牙塔),상아탑/이성을 보는 눈,계용묵,,1942,1940,E2
수필,상아탑(象牙塔),상아탑/일람 치마 입은 여인,계용묵,,1942,1940,E2
수필,상아탑(象牙塔),상아탑/장미,계용묵,,1942,1940,E2
수필,상아탑(象牙塔),상아탑/전승지,계용묵,,1942,1940,E2
수필,상아탑(象牙塔),상아탑/정릉 일일,계용묵,,1942,1940,E2
수필,상아탑(象牙塔),상아탑/제비,계용묵,,1942,1940,E2
수필,상아탑(象牙塔),상아탑/조어찬,계용묵,,1942,1940,E2
수필,상아탑(象牙塔),상아탑/진달래,계용묵,,1942,1940,E2
수필,상아탑(象牙塔),상아탑/집,계용묵,,1942,1940,E2
수필,상아탑(象牙塔),상아탑/차가사,계용묵,,1942,1940,E2
수필,상아탑(象牙塔),상아탑/침묵의 변,계용묵,,1942,1940,E2
수필,상아탑(象牙塔),상아탑/포도주,계용묵,,1942,1940,E2
수필,상아탑(象牙塔),상아탑/피서의 성격,계용묵,,1942,1940,E2
수필,상아탑(象牙塔),상아탑/효조,계용묵,,1942,1940,E2
소설,아름다운 새벽,아름다운 새벽,채만식,매일신보,1942,1940,E2
소설,아편전쟁,아편전쟁,김동인,조광,1942,1940,E2
소설,원효대사,원효대사,이광수,,1942,1940,E2
수필,조와,조와,김교신,성서조선,1942,1940,E2
시,참회록,참회록,윤동주,,1942,1940,E2
시,승전의 날,창변/승전의 날,노천명,조광,1942,1940,E2
시,勸君『就天命』,권군취천명,白山靑樹,,1943,1940,E2
시,그림 그리는 가을,그림 그리는 가을,변영로,,1943,1940,E2
시,근하 석정선생 륙순,근하 석정선생 륙순,이육사,,1943,1940,E2
수필,기행(紀行),기행/전산부전병원,김남천,,1943,1940,E2
소설,남경조약,남경조약,김동인,,1943,1940,E2
시,님의 부르심을 받들고서 (김동환),님의 부르심을 받들고서 (김동환),김동환,,1943,1940,E2
시,님의 부르심을 받들고서 (김상용),님의 부르심을 받들고서 (김상용),김상용,,1943,1940,E2
시,님의 부르심을 받들고서 (노천명),님의 부르심을 받들고서 (노천명),노천명,,1943,1940,E2
시,동물 시집,동물 시집/종달이,윤곤강,,1943,1940,E2
시,만등동산,만등동산,이육사,,1943,1940,E2
시,四壁頌[사벽송],사벽송,변영로,,1943,1940,E2
시,조선의 학도여,조선의 학도여,이광수,매일신보,1943,1940,E2
시,주난흥여,주난흥여,이육사,,1943,1940,E2
노래,군신송,군신송,노천명,,1944,1940,E2
시,동물 시집,동물 시집/달팽이,윤곤강,,1944,1940,E2
시,새해의 기원,새해 (이광수),이광수,,1944,1940,E2
수필,아세아의 해방,아세아의 해방,최남선,매일신보,1944,1940,E2
소설,여인전기,여인전기,채만식,,1944,1940,E2
소설,일장기의 물결,일장기의 물결,김동인,매일신보,1944,1940,E2
시,적국항복 받고지고,적국항복 받고지고,김동환,매일신보,1944,1940,E2
시,광야 (이육사),광야 (이육사),이육사,,1945,1940,E2
시,꽃,꽃,이육사,,1945,1940,E2
소설,노마만리(駑馬萬里),노마만리/서언,김사량,,1945,1940,E2
소설,노마만리(駑馬萬里),노마만리/제1부,김사량,,1945,1940,E2
소설,노마만리(駑馬萬里),노마만리/제2부,김사량,,1945,1940,E2
소설,노마만리(駑馬萬里),노마만리/제3부,김사량,,1945,1940,E2
소설,노마만리(駑馬萬里),노마만리/제4부,김사량,,1945,1940,E2
시,동물 시집,동물 시집/잠자리,윤곤강,,1945,1940,E2
시,모든 것을 바치리,모든 것을 바치리,이광수,,1945,1940,E2
수필,현 정세와 우리의 임무,현 정세와 우리의 임무,박헌영,,1945,1940,E2
칼럼,光復先烈의英靈앞에 三千萬다함께머리숙이자,광복선열의 영령 앞에 삼천만 다 함께 머리 숙이자,정인보,,1946,1940,E3
시,나의뮤-즈,나의뮤-즈,이육사,,1946,1940,E3
소설,도정(道程),도정,지하련,,1946,1940,E3
시,동물 시집,동물 시집/문각시,윤곤강,,1946,1940,E3
소설,망국인기,망국인기,김동인,,1946,1940,E3
소설,미스터 방,미스터 방,최남식,,1946,1940,E3
소설,반역자,반역자,김동인,,1946,1940,E3
소설,별을 헨다,별을 헨다,계용묵,,1946,1940,E3
시,병든 서울,병든 서울/8월 15일의 노래,오장환,,1946,1940,E3
시,병든 서울,병든 서울/가거라 벗이여,오장환,,1946,1940,E3
시,병든 서울,병든 서울/강도에게 주는 시,오장환,,1946,1940,E3
시,병든 서울,병든 서울/공청으로 가는 길,오장환,,1946,1940,E3
시,병든 서울,병든 서울/깽,오장환,,1946,1940,E3
시,병든 서울,병든 서울/나의 길,오장환,,1946,1940,E3
시,병든 서울,병든 서울/내 나라 오 사랑하는 내 나라,오장환,,1946,1940,E3
시,병든 서울,병든 서울/너는 보았느냐,오장환,,1946,1940,E3
시,병든 서울,병든 서울/머리에,오장환,,1946,1940,E3
시,병든 서울,병든 서울/병든 서울,오장환,,1946,1940,E3
시,병든 서울,병든 서울/어둔 밤의 노래,오장환,,1946,1940,E3
시,병든 서울,병든 서울/어머니 서울에 오시다,오장환,,1946,1940,E3
시,병든 서울,병든 서울/연안에서 오는 동무 심에게,오장환,,1946,1940,E3
시,병든 서울,병든 서울/연합군입성 환영의 노래,오장환,,1946,1940,E3
시,병든 서울,병든 서울/원씨에게,오장환,,1946,1940,E3
시,병든 서울,병든 서울/이 세월도 헛되히,오장환,,1946,1940,E3
시,병든 서울,병든 서울/이름도 모르는 누이에게,오장환,,1946,1940,E3
시,병든 서울,병든 서울/입원실에서,오장환,,1946,1940,E3
시,병든 서울,병든 서울/지도자,오장환,,1946,1940,E3
시,병든 서울,병든 서울/찬가,오장환,,1946,1940,E3
시,어린 누이야,어린 누이야,오장환,,1946,1940,E3
평론,우리 시의 방향,우리 시의 방향,김기림,,1946,1940,E3
수필,죽은 새,죽은 새,이광수,,1946,1940,E3
소설,학병수첩,학병수첩,김동인,,1946,1940,E3
시,해후,해후 (이육사),이육사,,1946,1940,E3
소설,허생전,허생전 (채만식),채만식,,1946,1940,E3
노래,國學大學歌,국학대학가,정인보,,1947,1940,E3
시,나 사는 곳,나 사는 곳/강물을 따라,오장환,,1947,1940,E3
시,나 사는 곳,나 사는 곳/고향 앞에서,오장환,,1947,1940,E3
시,나 사는 곳,나 사는 곳/구름과 눈물의 노래,오장환,,1947,1940,E3
시,나 사는 곳,나 사는 곳/길손의 노래,오장환,,1947,1940,E3
시,나 사는 곳,나 사는 곳/나 사는 곳,오장환,,1947,1940,E3
시,나 사는 곳,나 사는 곳/노래,오장환,,1947,1940,E3
시,나 사는 곳,나 사는 곳/다시 미당리,오장환,,1947,1940,E3
시,나 사는 곳,나 사는 곳/다시금 여가를,오장환,,1947,1940,E3
시,나 사는 곳,나 사는 곳/밤의 노래,오장환,,1947,1940,E3
시,나 사는 곳,나 사는 곳/봄노래,오장환,,1947,1940,E3
시,나 사는 곳,나 사는 곳/붉은 산,오장환,,1947,1940,E3
시,나 사는 곳,나 사는 곳/비둘기 내 어깨에 앉으라,오장환,,1947,1940,E3
시,나 사는 곳,나 사는 곳/산협의 노래,오장환,,1947,1940,E3
시,나 사는 곳,나 사는 곳/성묘하러 가는 길,오장환,,1947,1940,E3
시,나 사는 곳,나 사는 곳/성탄제,오장환,,1947,1940,E3
시,나 사는 곳,나 사는 곳/양,오장환,,1947,1940,E3
시,나 사는 곳,나 사는 곳/장마철,오장환,,1947,1940,E3
시,나 사는 곳,나 사는 곳/절정의 노래,오장환,,1947,1940,E3
시,나 사는 곳,나 사는 곳/종소리,오장환,,1947,1940,E3
시,나 사는 곳,나 사는 곳/초봄의 노래,오장환,,1947,1940,E3
시,나 사는 곳,나 사는 곳/푸른 열매,오장환,,1947,1940,E3
시,나 사는 곳,나 사는 곳/FINALE,오장환,,1947,1940,E3
소설,도산 안창호,도산 안창호,이광수,,1947,1940,E3
시,동물 시집,동물 시집/개똥벌레,윤곤강,,1947,1940,E3
소설,맥(麥),맥,김남천,,1947,1940,E3
시,물레,물레,김억,,1947,1940,E3
소설,민족의 죄인,민족의 죄인,채만식,,1947,1940,E3
소설,바람은 그냥 불고,바람은 그냥 불고,계용묵,,1947,1940,E3
시,백두산,백두산/맺음시,조기천,,1947,1940,E3
시,백두산,백두산/머리시,조기천,,1947,1940,E3
시,백두산,백두산/제1장,조기천,,1947,1940,E3
시,백두산,백두산/제2장,조기천,,1947,1940,E3
시,백두산,백두산/제3장,조기천,,1947,1940,E3
시,백두산,백두산/제4장,조기천,,1947,1940,E3
시,백두산,백두산/제5장,조기천,,1947,1940,E3
시,백두산,백두산/제6장,조기천,,1947,1940,E3
시,백두산,백두산/제7장,조기천,,1947,1940,E3
수필,백범일지,백범일지,김구,,1947,1940,E3
수필,여름의 유모어,여름의 유모어,이광수,,1947,1940,E3
수필,조선사온고,조선사온고,김동인,,1947,1940,E3
소설,홍경래전,홍경래전,이명선,,1947,1940,E3
소설,김덕수,김덕수,김동인,,1948,1940,E3
소설,낙조(落照),낙조,채만식,,1948,1940,E3
소설,논이야기,논이야기,채만식,,1948,1940,E3
시,달아,달아,이상화,,1948,1940,E3
수필,달을 쏘다,달을 쏘다,윤동주,,1948,1940,E3
시,薝園時調,담원시조,정인보,,1948,1940,E3
시,薝園時調,담원시조/국화사 삼첩,정인보,,1948,1940,E3
시,薝園時調,담원시조/근화사 삼첩,정인보,,1948,1940,E3
시,薝園時調,담원시조/매화 칠장,정인보,,1948,1940,E3
시,薝園時調,담원시조/매화사 삼첩,정인보,,1948,1940,E3
시,薝園時調,담원시조/비로봉,정인보,,1948,1940,E3
시,薝園時調,담원시조/자모사,정인보,,1948,1940,E3
시,薝園時調,담원시조/조춘,정인보,,1948,1940,E3
시,동물 시집,동물 시집/왕거미,윤곤강,,1948,1940,E3
수필,문단(文壇) 30년의 자취,문단 30년의 자취,김동인,,1948,1940,E3
수필,삼천만 동포에게 읍고함,삼천만 동포에게 읍고함,김구,,1948,1940,E3
시,새노래 (시집),새노래 (시집)/나의 노래,김기림,,1948,1940,E3
시,새노래 (시집),새노래 (시집)/데모크라시에 부치는 노래,김기림,,1948,1940,E3
시,새노래 (시집),새노래 (시집)/새나라송,김기림,,1948,1940,E3
시,새노래 (시집),새노래 (시집)/연가,김기림,,1948,1940,E3
시,새노래 (시집),새노래 (시집)/우리들 모두의 꿈이 아니냐,김기림,,1948,1940,E3
시,새노래 (시집),새노래 (시집)/인민공장에 부치는 노래,김기림,,1948,1940,E3
소설,을지문덕,을지문덕,김동인,태양신문,1948,1940,E3
시,가을,피리/가을,윤곤강,,1948,1940,E3
시,공작부,피리/공작부,윤곤강,,1948,1940,E3
시,길,피리/길,윤곤강,,1948,1940,E3
시,나도야,피리/나도야,윤곤강,,1948,1940,E3
시,나비,피리/나비,윤곤강,,1948,1940,E3
시,나의 창,피리/나의 창,윤곤강,,1948,1940,E3
시,낙엽 1,피리/낙엽 1,윤곤강,,1948,1940,E3
시,낙엽 2,피리/낙엽 2,윤곤강,,1948,1940,E3
시,단장,피리/단장,윤곤강,,1948,1940,E3
시,달밤,피리/달밤,윤곤강,,1948,1940,E3
시,밤의 노래,피리/밤의 노래,윤곤강,,1948,1940,E3
시,빛을 기리는 노래,피리/빛을 기리는 노래,윤곤강,,1948,1940,E3
시,사슴,피리/사슴,윤곤강,,1948,1940,E3
시,서라벌,피리/서라벌,윤곤강,,1948,1940,E3
시,석류,피리/석류,윤곤강,,1948,1940,E3
시,슬픈 하늘,피리/슬픈 하늘,윤곤강,,1948,1940,E3
시,옛집,피리/옛집,윤곤강,,1948,1940,E3
시,외갓집,피리/외갓집,윤곤강,,1948,1940,E3
시,월광곡,피리/월광곡,윤곤강,,1948,1940,E3
시,입추,피리/입추,윤곤강,,1948,1940,E3
시,잉경,피리/잉경,윤곤강,,1948,1940,E3
시,지렁이의 노래,피리/지렁이의 노래,윤곤강,,1948,1940,E3
시,진리에게,피리/진리에게,윤곤강,,1948,1940,E3
시,찬 달밤에,피리/찬 달밤에,윤곤강,,1948,1940,E3
시,피,피리/피,윤곤강,,1948,1940,E3
시,피리,피리/피리,윤곤강,,1948,1940,E3
시,간판 없는 거리,하늘과 바람과 별과 시/간판 없는 거리,윤동주,,1948,1940,E3
시,길,하늘과 바람과 별과 시/길,윤동주,,1948,1940,E3
시,눈 오는 지도,하늘과 바람과 별과 시/눈 오는 지도,윤동주,,1948,1940,E3
시,눈감고 간다,하늘과 바람과 별과 시/눈감고 간다,윤동주,,1948,1940,E3
시,돌아와 보는 밤,하늘과 바람과 별과 시/돌아와 보는 밤,윤동주,,1948,1940,E3
시,또 다른 고향,하늘과 바람과 별과 시/또 다른 고향,윤동주,,1948,1940,E3
시,또 태초의 아침,하늘과 바람과 별과 시/또 태초의 아침,윤동주,,1948,1940,E3
시,무서운 시간,하늘과 바람과 별과 시/무서운 시간,윤동주,,1948,1940,E3
시,바람이 불어,하늘과 바람과 별과 시/바람이 불어,윤동주,,1948,1940,E3
시,별 헤는 밤,하늘과 바람과 별과 시/별 헤는 밤,윤동주,,1948,1940,E3
시,병원,하늘과 바람과 별과 시/병원,윤동주,,1948,1940,E3
시,새로운 길,하늘과 바람과 별과 시/새로운 길,윤동주,,1948,1940,E3
시,새벽이 올 때까지,하늘과 바람과 별과 시/새벽이 올 때까지,윤동주,,1948,1940,E3
시,서시,하늘과 바람과 별과 시/서시,윤동주,,1948,1940,E3
시,소년,하늘과 바람과 별과 시/소년,윤동주,,1948,1940,E3
시,슬픈 족속,하늘과 바람과 별과 시/슬픈 족속,윤동주,,1948,1940,E3
시,십자가,하늘과 바람과 별과 시/십자가,윤동주,,1948,1940,E3
시,자화상,하늘과 바람과 별과 시/자화상,윤동주,,1948,1940,E3
시,태초의 아침,하늘과 바람과 별과 시/태초의 아침,윤동주,,1948,1940,E3
시,곡 백범선생,곡 백범선생,김기림,,1949,1940,E3
노래,공무원의 노래,공무원의 노래,정인보,,1949,1940,E3
퇴임사,"國民의期待에 十分報答못해遺憾
 鄭寅普氏退任辭",국민의 기대에 십분보답 못해 유감,정인보,,1949,1940,E3
시,동물 시집,동물 시집/낙타 1,윤곤강,,1949,1940,E3
사료,민족정기의 심판(民族正氣의 審判),민족정기의 심판/제1부,미상,,1949,1940,E3
사료,민족정기의 심판(民族正氣의 審判),민족정기의 심판/제2부,미상,,1949,1940,E3
사료,민족정기의 심판(民族正氣의 審判),민족정기의 심판/제3부,미상,,1949,1940,E3
사료,민족정기의 심판(民族正氣의 審判),민족정기의 심판/제4부,미상,,1949,1940,E3
사료,민족정기의 심판(民族正氣의 審判),민족정기의 심판/제5부,미상,,1949,1940,E3
사료,민족정기의 심판(民族正氣의 審判),민족정기의 심판/제6부,미상,,1949,1940,E3
사료,민족정기의 심판(民族正氣의 審判),민족정기의 심판/제7부,미상,,1949,1940,E3
사료,민족정기의 심판(民族正氣의 審判),민족정기의 심판/제8부,미상,,1949,1940,E3
소설,사위,사위,이무영,,1949,1950,E3
시,가늘한 내음,영랑시선/가늘한 내음,김영랑,,1949,1940,E3
시,그 밖에 더 아실 이,영랑시선/그 밖에 더 아실 이,김영랑,,1949,1940,E3
시,그 색시 서럽다,영랑시선/그 색시 서럽다,김영랑,,1949,1940,E3
시,그대는 호령도 하실 만하다,영랑시선/그대는 호령도 하실 만하다,김영랑,,1949,1940,E3
시,꿈밭에 봄마음,영랑시선/꿈밭에 봄마음,김영랑,,1949,1940,E3
시,끝없는 강물이 흐르네,영랑시선/끝없는 강물이 흐르네,김영랑,,1949,1940,E3
시,낮의 소란소리,영랑시선/낮의 소란소리,김영랑,,1949,1940,E3
시,내 마음을 아실 이,영랑시선/내 마음을 아실 이,김영랑,,1949,1940,E3
시,내 옛날 온 꿈이,영랑시선/내 옛날 온 꿈이,김영랑,,1949,1940,E3
시,내 홋진 노래,영랑시선/내 홋진 노래,김영랑,,1949,1940,E3
시,눈물 속 빛나는 보람,영랑시선/눈물 속 빛나는 보람,김영랑,,1949,1940,E3
시,뉘 눈결에 쏘이었소,영랑시선/뉘 눈결에 쏘이었소,김영랑,,1949,1940,E3
시,님 두시고,영랑시선/님 두시고,김영랑,,1949,1940,E3
시,다정히도 불어오는 바람,영랑시선/다정히도 불어오는 바람,김영랑,,1949,1940,E3
시,독을 차고,영랑시선/독을 차고,김영랑,,1949,1940,E3
시,돌담에 속삭이는 햇발,영랑시선/돌담에 속삭이는 햇발,김영랑,,1949,1940,E3
시,두견,영랑시선/두견,김영랑,,1949,1940,E3
시,들꽃,영랑시선/들꽃,김영랑,,1949,1940,E3
시,땅거미,영랑시선/땅거미,김영랑,,1949,1940,E3
시,떠날아가는 마음,영랑시선/떠날아가는 마음,김영랑,,1949,1940,E3
시,망각,영랑시선/망각,김영랑,,1949,1940,E3
시,모란이 피기까지는,영랑시선/모란이 피기까지는,김영랑,,1949,1940,E3
시,무너진 성터,영랑시선/무너진 성터,김영랑,,1949,1940,E3
시,물 보면 흐르고,영랑시선/물 보면 흐르고,김영랑,,1949,1940,E3
시,미움이란 말,영랑시선/미움이란 말,김영랑,,1949,1940,E3
시,바다로 가자,영랑시선/바다로 가자,김영랑,,1949,1940,E3
시,바람에 나부끼는 갈잎,영랑시선/바람에 나부끼는 갈잎,김영랑,,1949,1940,E3
시,밤사람 그립고야,영랑시선/밤사람 그립고야,김영랑,,1949,1940,E3
시,뵈지도 않는 입김,영랑시선/뵈지도 않는 입김,김영랑,,1949,1940,E3
시,북,영랑시선/북,김영랑,,1949,1940,E3
시,불지암,영랑시선/불지암,김영랑,,1949,1940,E3
시,빛깔 환히,영랑시선/빛깔 환히,김영랑,,1949,1940,E3
시,뻘은 가슴을 훤히 벗고,영랑시선/뻘은 가슴을 훤히 벗고,김영랑,,1949,1940,E3
시,산골을 놀이터로,영랑시선/산골을 놀이터로,김영랑,,1949,1940,E3
시,새벽 지친 별,영랑시선/새벽 지친 별,김영랑,,1949,1940,E3
시,설운 소리,영랑시선/설운 소리,김영랑,,1949,1940,E3
시,수풀 아래 작은 샘,영랑시선/수풀 아래 작은 샘,김영랑,,1949,1940,E3
시,숲향기,영랑시선/숲향기,김영랑,,1949,1940,E3
시,쓸쓸한 뫼 앞에,영랑시선/쓸쓸한 뫼 앞에,김영랑,,1949,1940,E3
시,언 땅 한길,영랑시선/언 땅 한길,김영랑,,1949,1940,E3
시,언덕에 누워 바다를 보면,영랑시선/언덕에 누워 바다를 보면,김영랑,,1949,1940,E3
시,언덕에 바로 누워,영랑시선/언덕에 바로 누워,김영랑,,1949,1940,E3
시,연 1,영랑시선/연 1,김영랑,,1949,1940,E3
시,연 2,영랑시선/연 2,김영랑,,1949,1940,E3
시,오-매 단풍 들것네,영랑시선/오-매 단풍 들것네,김영랑,,1949,1940,E3
시,오월,영랑시선/오월,김영랑,,1949,1940,E3
시,오월 아침,영랑시선/오월 아침,김영랑,,1949,1940,E3
시,온몸을 감도는 붉은 핏줄,영랑시선/온몸을 감도는 붉은 핏줄,김영랑,,1949,1940,E3
시,저 곡조만 사라지면,영랑시선/저 곡조만 사라지면,김영랑,,1949,1940,E3
시,저녁때 저녁때,영랑시선/저녁때 저녁때,김영랑,,1949,1940,E3
시,제야,영랑시선/제야,김영랑,,1949,1940,E3
시,좁은 길가에,영랑시선/좁은 길가에,김영랑,,1949,1940,E3
시,집,영랑시선/집,김영랑,,1949,1940,E3
시,청명,영랑시선/청명,김영랑,,1949,1940,E3
시,춘향,영랑시선/춘향,김영랑,,1949,1940,E3
시,푸른 향물 흘러버린 언덕 위,영랑시선/푸른 향물 흘러버린 언덕 위,김영랑,,1949,1940,E3
시,풀 위에 맺혀지는,영랑시선/풀 위에 맺혀지는,김영랑,,1949,1940,E3
시,한줌 흙,영랑시선/한줌 흙,김영랑,,1949,1940,E3
시,함박눈,영랑시선/함박눈,김영랑,,1949,1940,E3
시,허리띠 매는 시악시,영랑시선/허리띠 매는 시악시,김영랑,,1949,1940,E3
노래,고려대학교가,고려대학교가,정인보,,1950,1950,E3
노래,광복절 노래,광복절 노래,정인보,,1950,1950,E3
시,동물 시집,동물 시집/사슴,윤곤강,,1950,1950,E3
소설,물매미,물매미,계용묵,,1950,1950,E3
소설,사랑의 동명왕,사랑의 동명왕/제1장,이광수,,1950,1950,E3
소설,사랑의 동명왕,사랑의 동명왕/제2장,이광수,,1950,1950,E3
소설,사랑의 동명왕,사랑의 동명왕/제3장,이광수,,1950,1950,E3
소설,사랑의 동명왕,사랑의 동명왕/제4장,이광수,,1950,1950,E3
소설,사랑의 동명왕,사랑의 동명왕/제5장,이광수,,1950,1950,E3
소설,사랑의 동명왕,사랑의 동명왕/제6장,이광수,,1950,1950,E3
소설,사랑의 동명왕,사랑의 동명왕/제7장,이광수,,1950,1950,E3
소설,사랑의 동명왕,사랑의 동명왕/제8장,이광수,,1950,1950,E3
소설,사랑의 동명왕,사랑의 동명왕/제9장,이광수,,1950,1950,E3
노래,三一節노래,삼일절 노래,정인보,,1950,1950,E3
담화문,"국민에게 고함
 부통령 이시영",국민에게 고함,이시영,,1951,1950,E3
시,동물 시집,동물 시집/사자,윤곤강,,1951,1950,E3
수필,애국고시조,愛國古時調[애국고시조],최남선,,1951,1950,E3
시,동물 시집,동물 시집/원숭이,윤곤강,,1952,1950,E3
소설,후백제비화,후백제비화,윤백남,,1952,1950,E3
소설,ㄷ씨 행장기(行狀記),ㄷ씨 행장기,이무영,,1953,1950,E3
시,동물 시집,동물 시집/붕어,윤곤강,,1953,1950,E3
소설,청춘극장,청춘극장/1권/10장,김내성,,1953,1950,E3
소설,청춘극장,청춘극장/1권/11장,김내성,,1953,1950,E3
소설,청춘극장,청춘극장/1권/12장,김내성,,1953,1950,E3
소설,청춘극장,청춘극장/1권/13장,김내성,,1953,1950,E3
소설,청춘극장,청춘극장/1권/14장,김내성,,1953,1950,E3
소설,청춘극장,청춘극장/1권/15장,김내성,,1953,1950,E3
소설,청춘극장,청춘극장/1권/16장,김내성,,1953,1950,E3
소설,청춘극장,청춘극장/1권/17장,김내성,,1953,1950,E3
소설,청춘극장,청춘극장/1권/18장,김내성,,1953,1950,E3
소설,청춘극장,청춘극장/1권/19장,김내성,,1953,1950,E3
소설,청춘극장,청춘극장/1권/1장,김내성,,1953,1950,E3
소설,청춘극장,청춘극장/1권/20장,김내성,,1953,1950,E3
소설,청춘극장,청춘극장/1권/21장,김내성,,1953,1950,E3
소설,청춘극장,청춘극장/1권/22장,김내성,,1953,1950,E3
소설,청춘극장,청춘극장/1권/23장,김내성,,1953,1950,E3
소설,청춘극장,청춘극장/1권/24장,김내성,,1953,1950,E3
소설,청춘극장,청춘극장/1권/25장,김내성,,1953,1950,E3
소설,청춘극장,청춘극장/1권/26장,김내성,,1953,1950,E3
소설,청춘극장,청춘극장/1권/27장,김내성,,1953,1950,E3
소설,청춘극장,청춘극장/1권/28장,김내성,,1953,1950,E3
소설,청춘극장,청춘극장/1권/29장,김내성,,1953,1950,E3
소설,청춘극장,청춘극장/1권/2장,김내성,,1953,1950,E3
소설,청춘극장,청춘극장/1권/30장,김내성,,1953,1950,E3
소설,청춘극장,청춘극장/1권/31장,김내성,,1953,1950,E3
소설,청춘극장,청춘극장/1권/32장,김내성,,1953,1950,E3
소설,청춘극장,청춘극장/1권/33장,김내성,,1953,1950,E3
소설,청춘극장,청춘극장/1권/34장,김내성,,1953,1950,E3
소설,청춘극장,청춘극장/1권/35장,김내성,,1953,1950,E3
소설,청춘극장,청춘극장/1권/36장,김내성,,1953,1950,E3
소설,청춘극장,청춘극장/1권/37장,김내성,,1953,1950,E3
소설,청춘극장,청춘극장/1권/38장,김내성,,1953,1950,E3
소설,청춘극장,청춘극장/1권/39장,김내성,,1953,1950,E3
소설,청춘극장,청춘극장/1권/3장,김내성,,1953,1950,E3
소설,청춘극장,청춘극장/1권/40장,김내성,,1953,1950,E3
소설,청춘극장,청춘극장/1권/41장,김내성,,1953,1950,E3
소설,청춘극장,청춘극장/1권/42장,김내성,,1953,1950,E3
소설,청춘극장,청춘극장/1권/43장,김내성,,1953,1950,E3
소설,청춘극장,청춘극장/1권/44장,김내성,,1953,1950,E3
소설,청춘극장,청춘극장/1권/45장,김내성,,1953,1950,E3
소설,청춘극장,청춘극장/1권/46장,김내성,,1953,1950,E3
소설,청춘극장,청춘극장/1권/47장,김내성,,1953,1950,E3
소설,청춘극장,청춘극장/1권/48장,김내성,,1953,1950,E3
소설,청춘극장,청춘극장/1권/49장,김내성,,1953,1950,E3
소설,청춘극장,청춘극장/1권/4장,김내성,,1953,1950,E3
소설,청춘극장,청춘극장/1권/50장,김내성,,1953,1950,E3
소설,청춘극장,청춘극장/1권/51장,김내성,,1953,1950,E3
소설,청춘극장,청춘극장/1권/52장,김내성,,1953,1950,E3
소설,청춘극장,청춘극장/1권/53장,김내성,,1953,1950,E3
소설,청춘극장,청춘극장/1권/54장,김내성,,1953,1950,E3
소설,청춘극장,청춘극장/1권/55장,김내성,,1953,1950,E3
소설,청춘극장,청춘극장/1권/56장,김내성,,1953,1950,E3
소설,청춘극장,청춘극장/1권/57장,김내성,,1953,1950,E3
소설,청춘극장,청춘극장/1권/5장,김내성,,1953,1950,E3
소설,청춘극장,청춘극장/1권/6장,김내성,,1953,1950,E3
소설,청춘극장,청춘극장/1권/7장,김내성,,1953,1950,E3
소설,청춘극장,청춘극장/1권/8장,김내성,,1953,1950,E3
소설,청춘극장,청춘극장/1권/9장,김내성,,1953,1950,E3
소설,청춘극장,청춘극장/2권/10장,김내성,,1953,1950,E3
소설,청춘극장,청춘극장/2권/11장,김내성,,1953,1950,E3
소설,청춘극장,청춘극장/2권/12장,김내성,,1953,1950,E3
소설,청춘극장,청춘극장/2권/13장,김내성,,1953,1950,E3
소설,청춘극장,청춘극장/2권/14장,김내성,,1953,1950,E3
소설,청춘극장,청춘극장/2권/15장,김내성,,1953,1950,E3
소설,청춘극장,청춘극장/2권/16장,김내성,,1953,1950,E3
소설,청춘극장,청춘극장/2권/17장,김내성,,1953,1950,E3
소설,청춘극장,청춘극장/2권/18장,김내성,,1953,1950,E3
소설,청춘극장,청춘극장/2권/19장,김내성,,1953,1950,E3
소설,청춘극장,청춘극장/2권/1장,김내성,,1953,1950,E3
소설,청춘극장,청춘극장/2권/20장,김내성,,1953,1950,E3
소설,청춘극장,청춘극장/2권/21장,김내성,,1953,1950,E3
소설,청춘극장,청춘극장/2권/22장,김내성,,1953,1950,E3
소설,청춘극장,청춘극장/2권/23장,김내성,,1953,1950,E3
소설,청춘극장,청춘극장/2권/24장,김내성,,1953,1950,E3
소설,청춘극장,청춘극장/2권/25장,김내성,,1953,1950,E3
소설,청춘극장,청춘극장/2권/26장,김내성,,1953,1950,E3
소설,청춘극장,청춘극장/2권/27장,김내성,,1953,1950,E3
소설,청춘극장,청춘극장/2권/28장,김내성,,1953,1950,E3
소설,청춘극장,청춘극장/2권/29장,김내성,,1953,1950,E3
소설,청춘극장,청춘극장/2권/2장,김내성,,1953,1950,E3
소설,청춘극장,청춘극장/2권/30장,김내성,,1953,1950,E3
소설,청춘극장,청춘극장/2권/31장,김내성,,1953,1950,E3
소설,청춘극장,청춘극장/2권/32장,김내성,,1953,1950,E3
소설,청춘극장,청춘극장/2권/33장,김내성,,1953,1950,E3
소설,청춘극장,청춘극장/2권/34장,김내성,,1953,1950,E3
소설,청춘극장,청춘극장/2권/35장,김내성,,1953,1950,E3
소설,청춘극장,청춘극장/2권/36장,김내성,,1953,1950,E3
소설,청춘극장,청춘극장/2권/37장,김내성,,1953,1950,E3
소설,청춘극장,청춘극장/2권/38장,김내성,,1953,1950,E3
소설,청춘극장,청춘극장/2권/39장,김내성,,1953,1950,E3
소설,청춘극장,청춘극장/2권/3장,김내성,,1953,1950,E3
소설,청춘극장,청춘극장/2권/40장,김내성,,1953,1950,E3
소설,청춘극장,청춘극장/2권/41장,김내성,,1953,1950,E3
소설,청춘극장,청춘극장/2권/42장,김내성,,1953,1950,E3
소설,청춘극장,청춘극장/2권/43장,김내성,,1953,1950,E3
소설,청춘극장,청춘극장/2권/44장,김내성,,1953,1950,E3
소설,청춘극장,청춘극장/2권/45장,김내성,,1953,1950,E3
소설,청춘극장,청춘극장/2권/46장,김내성,,1953,1950,E3
소설,청춘극장,청춘극장/2권/47장,김내성,,1953,1950,E3
소설,청춘극장,청춘극장/2권/48장,김내성,,1953,1950,E3
소설,청춘극장,청춘극장/2권/49장,김내성,,1953,1950,E3
소설,청춘극장,청춘극장/2권/4장,김내성,,1953,1950,E3
소설,청춘극장,청춘극장/2권/50장,김내성,,1953,1950,E3
소설,청춘극장,청춘극장/2권/51장,김내성,,1953,1950,E3
소설,청춘극장,청춘극장/2권/52장,김내성,,1953,1950,E3
소설,청춘극장,청춘극장/2권/53장,김내성,,1953,1950,E3
소설,청춘극장,청춘극장/2권/54장,김내성,,1953,1950,E3
소설,청춘극장,청춘극장/2권/55장,김내성,,1953,1950,E3
소설,청춘극장,청춘극장/2권/56장,김내성,,1953,1950,E3
소설,청춘극장,청춘극장/2권/57장,김내성,,1953,1950,E3
소설,청춘극장,청춘극장/2권/58장,김내성,,1953,1950,E3
소설,청춘극장,청춘극장/2권/59장,김내성,,1953,1950,E3
소설,청춘극장,청춘극장/2권/5장,김내성,,1953,1950,E3
소설,청춘극장,청춘극장/2권/60장,김내성,,1953,1950,E3
소설,청춘극장,청춘극장/2권/61장,김내성,,1953,1950,E3
소설,청춘극장,청춘극장/2권/62장,김내성,,1953,1950,E3
소설,청춘극장,청춘극장/2권/63장,김내성,,1953,1950,E3
소설,청춘극장,청춘극장/2권/64장,김내성,,1953,1950,E3
소설,청춘극장,청춘극장/2권/65장,김내성,,1953,1950,E3
소설,청춘극장,청춘극장/2권/6장,김내성,,1953,1950,E3
소설,청춘극장,청춘극장/2권/7장,김내성,,1953,1950,E3
소설,청춘극장,청춘극장/2권/8장,김내성,,1953,1950,E3
소설,청춘극장,청춘극장/2권/9장,김내성,,1953,1950,E3
소설,청춘극장,청춘극장/3권/10장,김내성,,1953,1950,E3
소설,청춘극장,청춘극장/3권/11장,김내성,,1953,1950,E3
소설,청춘극장,청춘극장/3권/12장,김내성,,1953,1950,E3
소설,청춘극장,청춘극장/3권/13장,김내성,,1953,1950,E3
소설,청춘극장,청춘극장/3권/14장,김내성,,1953,1950,E3
소설,청춘극장,청춘극장/3권/15장,김내성,,1953,1950,E3
소설,청춘극장,청춘극장/3권/16장,김내성,,1953,1950,E3
소설,청춘극장,청춘극장/3권/17장,김내성,,1953,1950,E3
소설,청춘극장,청춘극장/3권/18장,김내성,,1953,1950,E3
소설,청춘극장,청춘극장/3권/19장,김내성,,1953,1950,E3
소설,청춘극장,청춘극장/3권/1장,김내성,,1953,1950,E3
소설,청춘극장,청춘극장/3권/20장,김내성,,1953,1950,E3
소설,청춘극장,청춘극장/3권/21장,김내성,,1953,1950,E3
소설,청춘극장,청춘극장/3권/22장,김내성,,1953,1950,E3
소설,청춘극장,청춘극장/3권/23장,김내성,,1953,1950,E3
소설,청춘극장,청춘극장/3권/24장,김내성,,1953,1950,E3
소설,청춘극장,청춘극장/3권/25장,김내성,,1953,1950,E3
소설,청춘극장,청춘극장/3권/26장,김내성,,1953,1950,E3
소설,청춘극장,청춘극장/3권/27장,김내성,,1953,1950,E3
소설,청춘극장,청춘극장/3권/28장,김내성,,1953,1950,E3
소설,청춘극장,청춘극장/3권/29장,김내성,,1953,1950,E3
소설,청춘극장,청춘극장/3권/2장,김내성,,1953,1950,E3
소설,청춘극장,청춘극장/3권/30장,김내성,,1953,1950,E3
소설,청춘극장,청춘극장/3권/31장,김내성,,1953,1950,E3
소설,청춘극장,청춘극장/3권/32장,김내성,,1953,1950,E3
소설,청춘극장,청춘극장/3권/33장,김내성,,1953,1950,E3
소설,청춘극장,청춘극장/3권/34장,김내성,,1953,1950,E3
소설,청춘극장,청춘극장/3권/35장,김내성,,1953,1950,E3
소설,청춘극장,청춘극장/3권/36장,김내성,,1953,1950,E3
소설,청춘극장,청춘극장/3권/37장,김내성,,1953,1950,E3
소설,청춘극장,청춘극장/3권/38장,김내성,,1953,1950,E3
소설,청춘극장,청춘극장/3권/39장,김내성,,1953,1950,E3
소설,청춘극장,청춘극장/3권/3장,김내성,,1953,1950,E3
소설,청춘극장,청춘극장/3권/40장,김내성,,1953,1950,E3
소설,청춘극장,청춘극장/3권/41장,김내성,,1953,1950,E3
소설,청춘극장,청춘극장/3권/42장,김내성,,1953,1950,E3
소설,청춘극장,청춘극장/3권/43장,김내성,,1953,1950,E3
소설,청춘극장,청춘극장/3권/44장,김내성,,1953,1950,E3
소설,청춘극장,청춘극장/3권/45장,김내성,,1953,1950,E3
소설,청춘극장,청춘극장/3권/46장,김내성,,1953,1950,E3
소설,청춘극장,청춘극장/3권/47장,김내성,,1953,1950,E3
소설,청춘극장,청춘극장/3권/48장,김내성,,1953,1950,E3
소설,청춘극장,청춘극장/3권/49장,김내성,,1953,1950,E3
소설,청춘극장,청춘극장/3권/4장,김내성,,1953,1950,E3
소설,청춘극장,청춘극장/3권/50장,김내성,,1953,1950,E3
소설,청춘극장,청춘극장/3권/51장,김내성,,1953,1950,E3
소설,청춘극장,청춘극장/3권/52장,김내성,,1953,1950,E3
소설,청춘극장,청춘극장/3권/53장,김내성,,1953,1950,E3
소설,청춘극장,청춘극장/3권/54장,김내성,,1953,1950,E3
소설,청춘극장,청춘극장/3권/55장,김내성,,1953,1950,E3
소설,청춘극장,청춘극장/3권/5장,김내성,,1953,1950,E3
소설,청춘극장,청춘극장/3권/6장,김내성,,1953,1950,E3
소설,청춘극장,청춘극장/3권/7장,김내성,,1953,1950,E3
소설,청춘극장,청춘극장/3권/8장,김내성,,1953,1950,E3
소설,청춘극장,청춘극장/3권/9장,김내성,,1953,1950,E3
동화,꿈을 찍는 사진관,꿈을 찍는 사진관,강소전,,1954,1950,E3
수필,돌베개,돌베개,이광수,,1954,1950,E3
시,동물 시집,동물 시집/갈범,윤곤강,,1954,1950,E3
시,夢美人[몽미인],몽미인,변영로,,1954,1950,E3
소설,안류정,안류정,윤백남,,1954,1950,E3
소설,애인,애인/10장,김내성,,1954,1950,E3
소설,애인,애인/11장,김내성,,1954,1950,E3
소설,애인,애인/12장,김내성,,1954,1950,E3
소설,애인,애인/13장,김내성,,1954,1950,E3
소설,애인,애인/14장,김내성,,1954,1950,E3
소설,애인,애인/15장,김내성,,1954,1950,E3
소설,애인,애인/16장,김내성,,1954,1950,E3
소설,애인,애인/17장,김내성,,1954,1950,E3
소설,애인,애인/18장,김내성,,1954,1950,E3
소설,애인,애인/19장,김내성,,1954,1950,E3
소설,애인,애인/1장,김내성,,1954,1950,E3
소설,애인,애인/20장,김내성,,1954,1950,E3
소설,애인,애인/21장,김내성,,1954,1950,E3
소설,애인,애인/22장,김내성,,1954,1950,E3
소설,애인,애인/23장,김내성,,1954,1950,E3
소설,애인,애인/24장,김내성,,1954,1950,E3
소설,애인,애인/25장,김내성,,1954,1950,E3
소설,애인,애인/26장,김내성,,1954,1950,E3
소설,애인,애인/27장,김내성,,1954,1950,E3
소설,애인,애인/28장,김내성,,1954,1950,E3
소설,애인,애인/29장,김내성,,1954,1950,E3
소설,애인,애인/2장,김내성,,1954,1950,E3
소설,애인,애인/30장,김내성,,1954,1950,E3
소설,애인,애인/31장,김내성,,1954,1950,E3
소설,애인,애인/32장,김내성,,1954,1950,E3
소설,애인,애인/33장,김내성,,1954,1950,E3
소설,애인,애인/34장,김내성,,1954,1950,E3
소설,애인,애인/35장,김내성,,1954,1950,E3
소설,애인,애인/3장,김내성,,1954,1950,E3
소설,애인,애인/4장,김내성,,1954,1950,E3
소설,애인,애인/5장,김내성,,1954,1950,E3
소설,애인,애인/6장,김내성,,1954,1950,E3
소설,애인,애인/7장,김내성,,1954,1950,E3
소설,애인,애인/8장,김내성,,1954,1950,E3
소설,애인,애인/9장,김내성,,1954,1950,E3
시,간 아내에게,간 아내에게,변영로,,1955,1950,E3
시,동물 시집,동물 시집/황소,윤곤강,,1955,1950,E3
시,목마와 숙녀,목마와 숙녀/목마와 숙녀,박인환,,1955,1950,E3
시,골편에 관한 무제,골편에 관한 무제,이상,,1956,1950,E3
시,동물 시집,동물 시집/낙타 2,윤곤강,,1956,1950,E3
시,새해의 祈願[기원],새해의 기원,변영로,,1956,1950,E3
수필,예창신고,예창신고,최남선,,1956,1950,E3
시,이충무공,이충무공,최남선,,1956,1950,E3
수필,정당무용지변,정당무용지변,최남선,,1956,1950,E3
시,포도를 걸으며,포도를 걸으며,변영로,새벽,1956,1950,E3
시,동물 시집,동물 시집/비들기,윤곤강,,1957,1950,E3
소설,백조의 곡,백조의 곡,김내성,,1957,1950,E3
시,인촌추념,인촌추념,최남선,,1957,1950,E3
시,중얼거림,중얼거림,변영로,,1957,1950,E3
시,동물 시집,동물 시집/박쥐,윤곤강,,1958,1950,E3
시,동물 시집,동물 시집/올빼미,윤곤강,,1959,1950,E3
시,동물 시집,동물 시집/할미새,윤곤강,,1960,1960,E3
시,동물 시집,동물 시집/매아미,윤곤강,,1961,1960,E3
개역한글판,갈라디아서,개역간이국한문한글판/갈라디아서,,,1962,1960,E3
개역한글판,고린도전서,개역간이국한문한글판/고린도전서,,,1962,1960,E3
개역한글판,고린도후서,개역간이국한문한글판/고린도후서,,,1962,1960,E3
개역한글판,골로새서,개역간이국한문한글판/골로새서,,,1962,1960,E3
개역한글판,나훔서,개역간이국한문한글판/나훔서,,,1962,1960,E3
개역한글판,누가복음,개역간이국한문한글판/누가복음,,,1962,1960,E3
개역한글판,느헤미야서,개역간이국한문한글판/느헤미야서,,,1962,1960,E3
개역한글판,다니엘서,개역간이국한문한글판/다니엘서,,,1962,1960,E3
개역한글판,데살로니가전서,개역간이국한문한글판/데살로니가전서,,,1962,1960,E3
개역한글판,데살로니가후서,개역간이국한문한글판/데살로니가후서,,,1962,1960,E3
개역한글판,디도서,개역간이국한문한글판/디도서,,,1962,1960,E3
개역한글판,디모데전서,개역간이국한문한글판/디모데전서,,,1962,1960,E3
개역한글판,디모데후서,개역간이국한문한글판/디모데후서,,,1962,1960,E3
개역한글판,레위기,개역간이국한문한글판/레위기,,,1962,1960,E3
개역한글판,로마서,개역간이국한문한글판/로마서,,,1962,1960,E3
개역한글판,룻기,개역간이국한문한글판/룻기,,,1962,1960,E3
개역한글판,마가복음,개역간이국한문한글판/마가복음,,,1962,1960,E3
개역한글판,마태복음,개역간이국한문한글판/마태복음,,,1962,1960,E3
개역한글판,만수기,개역간이국한문한글판/만수기,,,1962,1960,E3
개역한글판,말라기서,개역간이국한문한글판/말라기서,,,1962,1960,E3
개역한글판,미가서,개역간이국한문한글판/미가서,,,1962,1960,E3
개역한글판,베드로전서,개역간이국한문한글판/베드로전서,,,1962,1960,E3
개역한글판,베드로후서,개역간이국한문한글판/베드로후서,,,1962,1960,E3
개역한글판,빌레몬서,개역간이국한문한글판/빌레몬서,,,1962,1960,E3
개역한글판,빌립보서,개역간이국한문한글판/빌립보서,,,1962,1960,E3
개역한글판,사도행전,개역간이국한문한글판/사도행전,,,1962,1960,E3
개역한글판,사무엘서상,개역간이국한문한글판/사무엘서상,,,1962,1960,E3
개역한글판,사무엘서하,개역간이국한문한글판/사무엘서하,,,1962,1960,E3
개역한글판,사사기,개역간이국한문한글판/사사기,,,1962,1960,E3
개역한글판,스가랴서,개역간이국한문한글판/스가랴서,,,1962,1960,E3
개역한글판,스바냐서,개역간이국한문한글판/스바냐서,,,1962,1960,E3
개역한글판,시편,개역간이국한문한글판/시편,,,1962,1960,E3
개역한글판,신명기,개역간이국한문한글판/신명기,,,1962,1960,E3
개역한글판,아가,개역간이국한문한글판/아가,,,1962,1960,E3
개역한글판,아모스서,개역간이국한문한글판/아모스서,,,1962,1960,E3
개역한글판,야고보서,개역간이국한문한글판/야고보서,,,1962,1960,E3
개역한글판,에베소서,개역간이국한문한글판/에베소서,,,1962,1960,E3
개역한글판,에스겔서,개역간이국한문한글판/에스겔서,,,1962,1960,E3
개역한글판,에스더서,개역간이국한문한글판/에스더서,,,1962,1960,E3
개역한글판,에스라서,개역간이국한문한글판/에스라서,,,1962,1960,E3
개역한글판,여호수아서,개역간이국한문한글판/여호수아서,,,1962,1960,E3
개역한글판,역대기상,개역간이국한문한글판/역대기상,,,1962,1960,E3
개역한글판,역대기하,개역간이국한문한글판/역대기하,,,1962,1960,E3
개역한글판,열왕기상,개역간이국한문한글판/열왕기상,,,1962,1960,E3
개역한글판,열왕기하,개역간이국한문한글판/열왕기하,,,1962,1960,E3
개역한글판,예레미야서,개역간이국한문한글판/예레미야서,,,1962,1960,E3
개역한글판,예레미야애가,개역간이국한문한글판/예레미야애가,,,1962,1960,E3
개역한글판,오바댜서,개역간이국한문한글판/오바댜서,,,1962,1960,E3
개역한글판,요나서,개역간이국한문한글판/요나서,,,1962,1960,E3
개역한글판,요엘서,개역간이국한문한글판/요엘서,,,1962,1960,E3
개역한글판,요한계시록,개역간이국한문한글판/요한계시록,,,1962,1960,E3
개역한글판,요한복음,개역간이국한문한글판/요한복음,,,1962,1960,E3
개역한글판,요한삼서,개역간이국한문한글판/요한삼서,,,1962,1960,E3
개역한글판,요한이서,개역간이국한문한글판/요한이서,,,1962,1960,E3
개역한글판,요한일서,개역간이국한문한글판/요한일서,,,1962,1960,E3
개역한글판,욥기,개역간이국한문한글판/욥기,,,1962,1960,E3
개역한글판,유다서,개역간이국한문한글판/유다서,,,1962,1960,E3
개역한글판,이사야서,개역간이국한문한글판/이사야서,,,1962,1960,E3
개역한글판,잠언,개역간이국한문한글판/잠언,,,1962,1960,E3
개역한글판,전도서,개역간이국한문한글판/전도서,,,1962,1960,E3
개역한글판,개역간이국한문한글판,개역간이국한문한글판/창세기,,,1962,1960,E3
개역한글판,출애굽기,개역간이국한문한글판/출애굽기,,,1962,1960,E3
개역한글판,하박국서,개역간이국한문한글판/하박국서,,,1962,1960,E3
개역한글판,학개서,개역간이국한문한글판/학개서,,,1962,1960,E3
개역한글판,호세아서,개역간이국한문한글판/호세아서,,,1962,1960,E3
개역한글판,히브리서,개역간이국한문한글판/히브리서,,,1962,1960,E3
개역한글판,갈라디아서,개역한글판/갈라디아서,,,1962,1960,E3
개역한글판,고린도전서,개역한글판/고린도전서,,,1962,1960,E3
개역한글판,고린도후서,개역한글판/고린도후서,,,1962,1960,E3
개역한글판,골로새서,개역한글판/골로새서,,,1962,1960,E3
개역한글판,나훔,개역한글판/나훔,,,1962,1960,E3
개역한글판,누가복음,개역한글판/누가복음,,,1962,1960,E3
개역한글판,느헤미야,개역한글판/느헤미야,,,1962,1960,E3
개역한글판,다니엘,개역한글판/다니엘,,,1962,1960,E3
개역한글판,데살로니가전서,개역한글판/데살로니가전서,,,1962,1960,E3
개역한글판,데살로니가후서,개역한글판/데살로니가후서,,,1962,1960,E3
개역한글판,디도서,개역한글판/디도서,,,1962,1960,E3
개역한글판,디모데전서,개역한글판/디모데전서,,,1962,1960,E3
개역한글판,디모데후서,개역한글판/디모데후서,,,1962,1960,E3
개역한글판,레위기,개역한글판/레위기,,,1962,1960,E3
개역한글판,로마서,개역한글판/로마서,,,1962,1960,E3
개역한글판,롯기,개역한글판/롯기,,,1962,1960,E3
개역한글판,마가복음,개역한글판/마가복음,,,1962,1960,E3
개역한글판,마태복음,개역한글판/마태복음,,,1962,1960,E3
개역한글판,말라기,개역한글판/말라기,,,1962,1960,E3
개역한글판,미가,개역한글판/미가,,,1962,1960,E3
개역한글판,민수기,개역한글판/민수기,,,1962,1960,E3
개역한글판,베드로전서,개역한글판/베드로전서,,,1962,1960,E3
개역한글판,베드로후서,개역한글판/베드로후서,,,1962,1960,E3
개역한글판,빌레몬서,개역한글판/빌레몬서,,,1962,1960,E3
개역한글판,빌립보서,개역한글판/빌립보서,,,1962,1960,E3
개역한글판,사도행전,개역한글판/사도행전,,,1962,1960,E3
개역한글판,사무엘상,개역한글판/사무엘상,,,1962,1960,E3
개역한글판,사무엘하,개역한글판/사무엘하,,,1962,1960,E3
개역한글판,사사기,개역한글판/사사기,,,1962,1960,E3
개역한글판,스가랴,개역한글판/스가랴,,,1962,1960,E3
개역한글판,스바냐,개역한글판/스바냐,,,1962,1960,E3
개역한글판,시편,개역한글판/시편,,,1962,1960,E3
개역한글판,신명기,개역한글판/신명기,,,1962,1960,E3
개역한글판,아가,개역한글판/아가,,,1962,1960,E3
개역한글판,아모스,개역한글판/아모스,,,1962,1960,E3
개역한글판,야고보서,개역한글판/야고보서,,,1962,1960,E3
개역한글판,에베소서,개역한글판/에베소서,,,1962,1960,E3
개역한글판,에스겔,개역한글판/에스겔,,,1962,1960,E3
개역한글판,에스더,개역한글판/에스더,,,1962,1960,E3
개역한글판,에스라,개역한글판/에스라,,,1962,1960,E3
개역한글판,여호수아,개역한글판/여호수아,,,1962,1960,E3
개역한글판,역대상,개역한글판/역대상,,,1962,1960,E3
개역한글판,역대하,개역한글판/역대하,,,1962,1960,E3
개역한글판,열왕기상,개역한글판/열왕기상,,,1962,1960,E3
개역한글판,열왕기하,개역한글판/열왕기하,,,1962,1960,E3
개역한글판,예레미야,개역한글판/예레미야,,,1962,1960,E3
개역한글판,예레미야애가,개역한글판/예레미야애가,,,1962,1960,E3
개역한글판,오바댜,개역한글판/오바댜,,,1962,1960,E3
개역한글판,요나,개역한글판/요나,,,1962,1960,E3
개역한글판,요엘,개역한글판/요엘,,,1962,1960,E3
개역한글판,요한1서,개역한글판/요한1서,,,1962,1960,E3
개역한글판,요한2서,개역한글판/요한2서,,,1962,1960,E3
개역한글판,요한3서,개역한글판/요한3서,,,1962,1960,E3
개역한글판,요한계시록,개역한글판/요한계시록,,,1962,1960,E3
개역한글판,요한복음,개역한글판/요한복음,,,1962,1960,E3
개역한글판,욥기,개역한글판/욥기,,,1962,1960,E3
개역한글판,유다서,개역한글판/유다서,,,1962,1960,E3
개역한글판,이사야,개역한글판/이사야,,,1962,1960,E3
개역한글판,잠언,개역한글판/잠언,,,1962,1960,E3
개역한글판,전도서,개역한글판/전도서,,,1962,1960,E3
개역한글판,창세기,개역한글판/창세기,,,1962,1960,E3
개역한글판,출애굽기,개역한글판/출애굽기,,,1962,1960,E3
개역한글판,하박국,개역한글판/하박국,,,1962,1960,E3
개역한글판,학개,개역한글판/학개,,,1962,1960,E3
개역한글판,호세아,개역한글판/호세아,,,1962,1960,E3
개역한글판,히브리서,개역한글판/히브리서,,,1962,1960,E3
시,동물 시집,동물 시집/염소,윤곤강,,1962,1960,E3
시,동물 시집,동물 시집/검둥이,윤곤강,,1963,1960,E3
시,동물 시집,동물 시집/당나귀,윤곤강,,1964,1960,E3
시,동물 시집,동물 시집/쥐,윤곤강,,1965,1960,E3
시,동물 시집,동물 시집/파리,윤곤강,,1966,1960,E3
시,회한의 장,회한의 장,이상,,1966,1960,E3
시,동물 시집,동물 시집/굼벵이,윤곤강,,1967,1960,E3
시,동물 시집,동물 시집/털벌레,윤곤강,,1968,1960,E3
시,봄비 (이수복),봄비 (이수복),이수복,,1969,1960,E3
노래,개천절 노래,개천절 노래,정인보,,미상,미상,
한시,見月[견월],견월,한용운,,미상,미상,
소설,경벌포의(警罰布衣),경벌포의,윤백남,,미상,미상,
시,구루마꾼,구루마꾼,이상화,,미상,1920,
시,近吟 三首[근음 삼수],근음 삼수,변영로,,미상,미상,
수필,奇異[기이]한 湖沼傳說[호소전설],기이한 호소전설,최남선,,미상,미상,
시,나비,나비,변영로,,미상,미상,
시,남아,남아,한용운,,미상,미상,
시,南漢山城[남한산성],남한산성 (최남선),최남선,,미상,미상,
시,내과,내과,김소월,,미상,미상,
소설,눈물의 세 英雄[영웅],눈물의 세 영웅,최남선,,미상,미상,
시,늙은 새,늙은 새,변영로,,미상,미상,
시,님 따라 나서자,님 따라 나서자,김억,,미상,미상,
소설,당착,당착,나도향,,미상,1920,
한시,대만화화상만임향장,대만화화상만임향장,한용운,,미상,미상,
수필,大衆的[대중적] 要求[요구]의 反映[반영],대중적 요구의 반영,최남선,,미상,미상,
노래,大韓婦人會歌,대한부인회가,정인보,,미상,미상,
노래,德成女子中學校歌,덕성여자중학교가,정인보,,미상,미상,
노래,東國大學校歌,동국대학교가,정인보,,미상,미상,
시,등불과 마주 앉았으려면,등불과 마주 앉았으려면,김소월,,미상,미상,
수필,墨莊漫錄[묵장만록],묵장만록,최남선,,미상,미상,
시,바다의 마음,바다의 마음,이육사,,미상,미상,
시,바람은 베일 수 없듯이,바람은 베일 수 없듯이,변영로,,미상,미상,
시,향수,백록담/삽사리,정지용,,미상,미상,
시,향수,백록담/슬픈 우상,정지용,,미상,미상,
시,향수,백록담/온정,정지용,,미상,미상,
수필,變化無雙[변화무쌍]한 조개,변화무쌍한 조개,최남선,,미상,미상,
시,北漢山城[북한산성],북한산성,최남선,,미상,미상,
시,佛誕日[불탄일],불탄일,최남선,,미상,미상,
수필,브리튼人[인]의 傳說[전설],브리튼 인의 전설,최남선,,미상,미상,
소설,사각전기(蛇角傳奇),사각전기,윤백남,,미상,미상,
시,사랑,사랑 (한용운),한용운,,미상,미상,
논설,蛇陵傳說辨正,사릉전설변정,정인보,,미상,미상,
시,산,산 (이육사),이육사,,미상,미상,
시,산딸기,산딸기,강경애,,미상,미상,
시,삼수갑산,삼수갑산,김억,,미상,미상,
시,성공,성공,한용운,,미상,미상,
수필,소복과 청자,소복과 청자,이효석,,미상,미상,
수필,순진한 변명,순진한 변명,홍난파,,미상,미상,
시,신작로,신작로,김억,,미상,미상,
시,어머니의 웃음,어머니의 웃음,이상화,,미상,1920,
시,얼굴,얼굴,박인환,,미상,미상,
시,연분홍,연분홍,김억,,미상,미상,
수필,영당 할머니,영당할머니,이광수,,미상,미상,
시,"오, 고달픈 심장이여","오, 고달픈 심장이여",변영로,레오파디의 시,미상,미상,
시,오직 하나인 진리,오직 하나인 진리,변영로,,미상,미상,
시,외곬과 한쪽으로,외곬과 한쪽으로,변영로,,미상,미상,
시,외로움과 싸우다 객사하다,외로움과 싸우다 객사하다,나혜석,,미상,미상,
수필,용의 신변위맹,용의 신변위맹,최남선,,미상,미상,
시,우리 님,우리 님,한용운,,미상,미상,
소설,우연의 기적,우연의 기적,윤백남,,미상,미상,
시,우이천,우이천,최남선,,미상,미상,
소설,웃지 않는 기생,웃지 않는 기생,이명선,,미상,미상,
소설,원수로 은인,원수로 은인,윤백남,,미상,미상,
수필,유행,유행,나도향,,미상,미상,
시,육친의 장,육친의 장,이상,,미상,미상,
수필,이상의 문학의 한 모,이상의 문학의 한 모,김기림,,미상,미상,
소설,이식과 도승,이식과 도승,윤백남,,미상,미상,
시,잃어진 고향,잃어진 고향,이육사,,미상,미상,
소설,임장군,임장군,김동인,,미상,미상,
시,잠 놓친 밤,잠 놓친 밤,변영로,,미상,미상,
소설,적괴유의,적괴유의,윤백남,,미상,미상,
소설,정열의 낙랑공주,정열의 낙랑공주,윤백남,,미상,미상,
수필,정원,정원,김상용,,미상,미상,
시,조선병,조선병,이상화,,미상,1920,
시,조소,조소,이상화,,미상,1920,
시,조약돌,조약돌,김억,,미상,미상,
수필,종달새의 노래,종달새의 노래,홍난파,,미상,미상,
시,쥐,쥐,한용운,,미상,미상,
시,직업부인,직업부인,한용운,,미상,미상,
수필,창공무한록,창공무한록,노자영,,미상,미상,
시,첫겨울,첫겨울,오장환,,미상,미상,
수필,청공의 서,청공의 서,노자영,,미상,미상,
시,청년,청년,이상화,,미상,1920,
소설,초췌연화편,초췌연화편,윤백남,,미상,미상,
시,초혼,초혼 (이상화),이상화,,미상,1920,
시,추야단,추야단,한용운,,미상,미상,
시,추야몽,추야몽,한용운,,미상,미상,
시,추화,추화,한용운,,미상,미상,
시,춘화,춘화,한용운,,미상,미상,
수필,칠면자,칠면자,최남선,,미상,미상,
시,코스모스,코스모스 (김억),김억,,미상,미상,
시,코스모스,코스모스 (한용운),한용운,,미상,미상,
시,크리스마스,크리스마스,최남선,,미상,미상,
소설,투환금은,투환금은,윤백남,,미상,미상,
시,편복,편복,이육사,,미상,1920,
수필,포도태랑 이야기,포도태랑 이야기,최남선,,미상,미상,
시,표아,표아,한용운,,미상,미상,
수필,피아니스트의 횡액,피아니스트의 횡액,홍난파,,미상,미상,
수필,하백의 유래,하백의 유래,최남선,,미상,미상,
시,한강에서,한강에서,한용운,,미상,미상,
수필,해중의 이향,해중의 이향,최남선,,미상,미상,
시,향수,향수/구성동,정지용,,미상,미상,
시,향수,향수/꽃과 벗,정지용,,미상,미상,
시,향수,향수/나비,정지용,,미상,미상,
시,향수,향수/백록담,정지용,,미상,미상,
시,향수,향수/별 (4장),정지용,,미상,미상,
시,향수,향수/붉은 손,정지용,,미상,미상,
시,향수,향수/비,정지용,,미상,미상,
시,향수,향수/비로봉,정지용,,미상,미상,
시,향수,향수/선취,정지용,,미상,미상,
시,향수,향수/소곡,정지용,,미상,미상,
시,향수,향수/예장,정지용,,미상,미상,
시,향수,향수/옥류동,정지용,,미상,미상,
시,향수,향수/유선애상,정지용,,미상,미상,
시,향수,향수/인동차,정지용,,미상,미상,
시,향수,향수/장수산1,정지용,,미상,미상,
시,향수,향수/장수산2,정지용,,미상,미상,
시,향수,향수/조찬,정지용,,미상,미상,
시,향수,향수/진달래,정지용,,미상,미상,
시,향수,향수/춘설,정지용,,미상,미상,
시,향수,향수/파라솔,정지용,,미상,미상,
시,향수,향수/폭포,정지용,,미상,미상,
시,향수,향수/호랑나비,정지용,,미상,미상,
시,허무 교도의 찬송가,허무 교도의 찬송가,이상화,,미상,미상,
수필,허식의 변,허식의 변,김상용,,미상,미상,
소설,홍윤성과 절부,홍윤성과 절부,윤백남,,미상,미상,
시,화제,화제,이육사,,미상,미상,
시,황해의 첫봄,황해의 첫봄,김억,,미상,미상,
수필,희망의 봄,희망의 봄,김상용,,미상,미상,